"id","parent_category_id","name","status"
0,,"Uncategorized","active"
1,,"Barang","active"
2,,"Jasa","active"
3,1,"Alat Peraga Sekolah","active"
4,1,"Alat Tulis Kantor","active"
5,1,"Aplikasi Pembelajaran Digital","active"
6,1,"Dapur","active"
7,1,"Elektronik","active"
8,1,"Film & Musik","active"
9,1,"Handphone & Tablet","active"
10,1,"Kamera","active"
11,1,"Kesehatan","active"
12,1,"Komputer & Laptop","active"
13,1,"Makanan dan Minuman","active"
14,1,"Olahraga","active"
15,1,"Pertukangan","active"
16,1,"Rumah Tangga","active"
17,2,"Jasa Audio","active"
18,2,"Jasa Cetak","active"
19,2,"Jasa Jahit","active"
20,2,"Jasa Lainnya","active"
21,2,"Voucher & Tagihan","active"
22,1,"Buku Teks","active"
23,1,"Buku Non Teks","active"
24,3,"Alat Peraga Sekolah Lainnya","active"
25,3,"Peraga Biologi","active"
26,3,"Peraga Edukasi Anak","active"
27,3,"Peraga Fisika","active"
28,3,"Peraga Kesenian","active"
29,3,"Peraga Kimia","active"
30,3,"Peraga Matematika","active"
31,3,"Peraga Olahraga","active"
32,4,"Alat Tulis","active"
33,4,"Buku Tulis","active"
34,4,"Document Organizer","active"
35,4,"Kalkulator & Kamus Elektronik","active"
36,4,"Kertas","active"
37,4,"Meja Kursi Kerja","active"
38,4,"Pemotong Kertas","active"
39,4,"Pengikat & Perekat","active"
40,4,"Surat Menyurat","active"
41,5,"Paket Pembelajaran Digital","active"
42,5,"Pembelajaran Digital Referensi","active"
43,5,"Pembelajaran Digital SD","active"
44,5,"Pembelajaran Digital SMA","active"
45,5,"Pembelajaran Digital SMK","active"
46,5,"Pembelajaran Digital SMP","active"
47,6,"Aksesoris Dapur","active"
48,6,"Alat Masak Khusus","active"
49,6,"Bekal","active"
50,6,"Lain-Lain","active"
51,6,"Penyimpanan Makanan","active"
52,6,"Peralatan Baking","active"
53,6,"Peralatan Dapur","active"
54,6,"Peralatan Makan & Minum","active"
55,6,"Peralatan Masak","active"
56,6,"Perlengkapan Cuci Piring","active"
57,7,"Aksesoris Elektronik","active"
58,7,"Alat Pendingin Ruangan","active"
59,7,"Audio","active"
60,7,"Elektronik Dapur","active"
61,7,"Elektronik Kantor","active"
62,7,"Elektronik Rumah Tangga","active"
63,7,"Kamera Pengintai","active"
64,7,"Lampu","active"
65,7,"Media Player","active"
66,7,"Perangkat Elektronik Lainnya","active"
67,7,"Printer","active"
68,7,"Telepon","active"
69,7,"TV & Aksesoris","active"
70,8,"Alat Musik Digital","active"
71,8,"Alat Musik Gesek","active"
72,8,"Alat Musik Tiup","active"
73,8,"Alat Musik Tradisional","active"
74,8,"Drum & Perkusi","active"
75,8,"Film","active"
76,8,"Gitar & Bass","active"
77,8,"Keyboard & Piano","active"
78,8,"Musik","active"
79,8,"Perlengkapan Alat Musik","active"
80,8,"Vokal","active"
81,9,"Aksesoris Handphone","active"
82,9,"Aksesoris Tablet","active"
83,9,"Handphone","active"
84,9,"Komponen Handphone","active"
85,9,"Komponen Tablet","active"
86,9,"Nomor Perdana & Voucher","active"
87,9,"Power Bank","active"
88,9,"Tablet","active"
89,9,"Wearable Devices","active"
90,10,"Aksesoris Kamera","active"
91,10,"Analog","active"
92,10,"Baterai & Charger Kamera","active"
93,10,"Camcoder","active"
94,10,"Cleaning Tools Kamera","active"
95,10,"Digital","active"
96,10,"Drone & Aksesoris","active"
97,10,"Frame, Album, & Roll Film","active"
98,10,"Lensa & Aksesoris","active"
99,10,"Lighting & Studio","active"
100,10,"Tes & Case Kamera","active"
101,10,"Video","active"
102,11,"Essential Oil","active"
103,11,"Kesehatan Wanita","active"
104,11,"Lainnya","active"
105,11,"Obat-obatan","active"
106,11,"Perlengkapan Medis","active"
107,11,"Tulang Otot & Sendi","active"
108,11,"Vitamin & Multivitamin","active"
109,12,"Aksesoris Komputer & Laptop","active"
110,12,"Aksesoris PC Gaming","active"
111,12,"Desktop & Mini PC","active"
112,12,"Kabel & Adaptor","active"
113,12,"Komponen Komputer","active"
114,12,"Komponen Laptop","active"
115,12,"Laptop","active"
116,12,"Media Penyimpanan Data","active"
117,12,"Memory Card","active"
118,12,"Monitor","active"
119,12,"Networking","active"
120,12,"PC & Laptop Gaming","active"
121,12,"Software","active"
122,13,"Bahan Kue","active"
123,13,"Beras","active"
124,13,"Bumbu & Bahan Masakan","active"
125,13,"Katering","active"
126,13,"Kopi","active"
127,13,"Kue","active"
128,13,"Makanan Beku","active"
129,13,"Makanan Jadi","active"
130,13,"Makanan Kering","active"
131,13,"Makanan Ringan","active"
132,13,"Makanan Sarapan","active"
133,13,"Mie & Pasta","active"
134,13,"Minuman","active"
135,13,"Paket & Parcel Makanan","active"
136,13,"Produk Susu","active"
137,13,"Protein & Telur","active"
138,13,"Sayur & Buah","active"
139,13,"Teh","active"
140,13,"Tepung","active"
141,14,"Aksesoris Olahraga","active"
142,14,"Alat Pancing","active"
143,14,"Badminton","active"
144,14,"Baseball","active"
145,14,"Basket","active"
146,14,"Beladiri","active"
147,14,"Boxing","active"
148,14,"Gym & Fitness","active"
149,14,"Hiking & Camping","active"
150,14,"Lain-Lain","active"
151,14,"Olahraga Air","active"
152,14,"Pakaian Olahraga Pria","active"
153,14,"Pakaian Olahraga Wanita","active"
154,14,"Panahan","active"
155,14,"Perlengkapan Lari","active"
156,14,"Sepak Bola & Futsal","active"
157,14,"Sepatu Roda & Skateboard","active"
158,14,"Sepeda","active"
159,14,"Tenis","active"
160,14,"Tenis Meja","active"
161,14,"Voli","active"
162,14,"Yoga & Pilates","active"
163,15,"Alat Angkut Barang","active"
164,15,"Alat Keselamatan","active"
165,15,"Alat Perkebunan","active"
166,15,"Alat Ukur Industri","active"
167,15,"Baut & Mur Pengencang","active"
168,15,"Cat & Perlengkapan","active"
169,15,"Generator & Genset","active"
170,15,"Gerobak","active"
171,15,"Hand Tools","active"
172,15,"Ledeng","active"
173,15,"Machinery","active"
174,15,"Material Bangunan","active"
175,15,"Mesin Produksi","active"
176,15,"Motors & Power Transmission","active"
177,15,"Otomasi Industrial","active"
178,15,"Perlengkapan Las","active"
179,15,"Perlengkapan Listrik","active"
180,15,"Pneumatic","active"
181,15,"Power Tools","active"
182,15,"Tape & Sealant Perekat","active"
183,15,"Tenaga Surya","active"
184,16,"Dekorasi","active"
185,16,"Furniture","active"
186,16,"Kamar Mandi","active"
187,16,"Kamar Tidur","active"
188,16,"Kebersihan","active"
189,16,"Kebutuhan Rumah","active"
190,16,"Lain-lain","active"
191,16,"Laundry","active"
192,16,"Ruang Tamu & Keluarga","active"
193,16,"Taman","active"
194,16,"Tempat Penyimpanan","active"
195,16,"Travel","active"
196,17,"Jasa Sewa Audio","active"
197,18,"Jasa Cetak Dokumen / Spanduk","active"
198,18,"Jasa Fotokopi / Scan / Laminasi / Jilid","active"
199,21,"Isi Ulang & Tagihan Lainnya","active"
200,21,"Listrik","active"
201,21,"Paket Data","active"
202,21,"PDAM","active"
203,21,"Pulsa","active"
204,22,"Buku Siswa","active"
205,22,"Buku Guru","active"
206,23,"PENGAYAAN","active"
207,23,"PANDIK","active"
208,23,"REFERENSI","active"
209,32,"Correction (Tip-Ex)","active"
210,32,"Highlighter","active"
211,32,"Jangka","active"
212,32,"Kaca Pembesar","active"
213,32,"Kapur Tulis","active"
214,32,"Paket Alat Tulis","active"
215,32,"Papan Jalan","active"
216,32,"Papan Tulis & Tempel","active"
217,32,"Penggaris","active"
218,32,"Penghapus","active"
219,32,"Pensil","active"
220,32,"Pulpen","active"
221,32,"Rautan","active"
222,32,"Spidol Papan Tulis","active"
223,32,"Spidol Permanen","active"
224,32,"Tempat Pensil","active"
225,32,"Tinta","active"
226,33,"Agenda & Planner","active"
227,33,"Buku Keuangan","active"
228,33,"Buku Telepon & Alamat","active"
229,33,"Buku Tulis Sekolah","active"
230,33,"Jurnal - Diary","active"
231,33,"Notebook & Notepad","active"
232,34,"Binder","active"
233,34,"Box File","active"
234,34,"Goodie Bag","active"
235,34,"Kalender","active"
236,34,"Klip Kabel","active"
237,34,"Kotak Kartu Nama","active"
238,34,"Lanyard","active"
239,34,"Lemari File - Filling Cabinet","active"
240,34,"Map","active"
241,34,"Name Tag & ID Card Holder","active"
242,34,"Ordner","active"
243,34,"Pembatas Buku","active"
244,34,"Rak Kertas","active"
245,34,"Stationery Stand","active"
246,35,"Kalkulator","active"
247,35,"Kalkulator Ilmiah","active"
248,35,"Kamus Elektronik","active"
249,36,"Kertas Binder","active"
250,36,"Kertas Fax","active"
251,36,"Kertas Folio Bergaris","active"
252,36,"Kertas HVS","active"
253,36,"Kertas Karton","active"
254,36,"Kertas Thermal","active"
255,36,"Sticky Notes","active"
256,37,"Kursi Kerja","active"
257,37,"Meja Kerja","active"
258,38,"Cutter","active"
259,38,"Cutting Mat","active"
260,38,"Gunting","active"
261,38,"Isi Cutter","active"
262,38,"Pembolong Kertas","active"
263,38,"Pemotong Styrofoam","active"
264,39,"Cord Holder","active"
265,39,"Dispenser Isolasi","active"
266,39,"Double Tape","active"
267,39,"Klip Kertas","active"
268,39,"Lem Kertas","active"
269,39,"Lem Serbaguna","active"
270,39,"Selotip & Lakban","active"
271,39,"Staples","active"
272,39,"Stiker & Label","active"
273,40,"Amplop","active"
274,40,"Kartu Pos","active"
275,40,"Kertas Surat","active"
276,40,"Perangko","active"
277,40,"Stempel","active"
278,47,"Alat Pemotong Serbaguna","active"
279,47,"Capit Makanan","active"
280,47,"Celemek","active"
281,47,"Chopper","active"
282,47,"Grinder","active"
283,47,"Korek Kompor","active"
284,47,"Magnet Kulkas","active"
285,47,"Parutan","active"
286,47,"Peeler","active"
287,47,"Pelindung Tangan","active"
288,47,"Pengasah Pisau","active"
289,47,"Pisau Dapur","active"
290,47,"Pisau Set","active"
291,47,"Talenan","active"
292,47,"Tatakan Gas","active"
293,47,"Termometer Makanan & Minuman","active"
294,47,"Timer Masak","active"
295,48,"Chocolate Melter","active"
296,48,"Coffee & Tea Maker","active"
297,48,"Cotton Candy Maker","active"
298,48,"Donut Maker","active"
299,48,"Ice Cream & Yogurt Maker","active"
300,48,"Mesin Es Serut","active"
301,48,"Mesin Sostel","active"
302,48,"Noodle & Pasta Maker","active"
303,48,"Pancake Maker","active"
304,48,"Popcorn Maker","active"
305,48,"Sushi Maker & Roller","active"
306,48,"Waffle Maker","active"
307,49,"Botol Minum","active"
308,49,"Cetakan Bento","active"
309,49,"Cup Bento","active"
310,49,"Kotak Makan","active"
311,49,"Lunch Box Set","active"
312,49,"Partisi Bento","active"
313,49,"Rantang","active"
314,49,"Tas Bekal","active"
315,49,"Tas Botol","active"
316,49,"Termos Air","active"
317,49,"Tusuk Bento","active"
318,51,"Aluminium Foil","active"
319,51,"Box Telur","active"
320,51,"Cooler Box","active"
321,51,"Food Display","active"
322,51,"Food Warmer","active"
323,51,"Ice - Rice Bucket","active"
324,51,"Plastic Wrap","active"
325,51,"Plastik","active"
326,51,"Plastik Klip","active"
327,51,"Sealer Makanan","active"
328,51,"Tempat Buah & Sayur","active"
329,51,"Tempat Bumbu","active"
330,51,"Tempat Roti","active"
331,51,"Tempat Saos & Kecap","active"
332,51,"Toples Makanan","active"
333,52,"Alat Penghias Kue","active"
334,52,"Cetakan Kue","active"
335,52,"Kertas Baking","active"
336,52,"Kocokan Telur","active"
337,52,"Kuas Kue","active"
338,52,"Loyang Kue","active"
339,52,"Pisau Kue","active"
340,52,"Tatakan Kue","active"
341,53,"Alat Pembuka Botol","active"
342,53,"Alat Pembuka Kaleng","active"
343,53,"Dispenser Air","active"
344,53,"Pompa Galon","active"
345,53,"Rak Dapur","active"
346,53,"Rak Piring","active"
347,53,"Regulator & Penghemat Gas","active"
348,53,"Sarung Galon","active"
349,53,"Sarung Kulkas","active"
350,53,"Timbangan Dapur","active"
351,53,"Water Purifier","active"
352,54,"Cangkir","active"
353,54,"Centong Nasi","active"
354,54,"Gelas & Mug","active"
355,54,"Mangkok Makan","active"
356,54,"Nampan","active"
357,54,"Piring & Mangkok Saji","active"
358,54,"Piring Makan","active"
359,54,"Pitcher Minuman","active"
360,54,"Sedotan","active"
361,54,"Sendok & Garpu Dessert","active"
362,54,"Sendok & Garpu Makan","active"
363,54,"Sendok Sayur & Kuah","active"
364,54,"Sumpit","active"
365,54,"Tatakan Gelas & Piring","active"
366,54,"Tempat Sendok & Garpu","active"
367,54,"Tudung Saji","active"
368,54,"Tutup Gelas","active"
369,55,"Cetakan Es, Puding, Coklat","active"
370,55,"Cobek","active"
371,55,"Deep Fryer","active"
372,55,"Gelas Takar","active"
373,55,"Gilingan Daging","active"
374,55,"Griller","active"
375,55,"Kompor","active"
376,55,"Panci","active"
377,55,"Presto","active"
378,55,"Saringan Masak","active"
379,55,"Sendok Takar","active"
380,55,"Spatula & Sutil","active"
381,55,"Steamer","active"
382,55,"Teko Air Minum","active"
383,55,"Teko Pemanas Air","active"
384,55,"Wajan","active"
385,56,"Dish Dryer","active"
386,56,"Sabun Cuci Piring","active"
387,56,"Sabut","active"
388,56,"Saringan Bak Cuci Piring","active"
389,56,"Sikat Cuci Botol","active"
390,56,"Sponge Cuci Piring","active"
391,58,"AC Portable","active"
392,58,"AC Reflektor","active"
393,58,"AC Standing","active"
394,58,"Kipas Angin Listrik","active"
395,59,"Amplifier","active"
396,59,"Earphone","active"
397,59,"Headphone","active"
398,59,"Kabel & Konektor Audio","active"
399,59,"Sound System","active"
400,59,"Speaker","active"
401,59,"Voice Recorder","active"
402,60,"Blender","active"
403,60,"Juicer","active"
404,60,"Kompor Listrik","active"
405,60,"Kulkas","active"
406,60,"Microwave","active"
407,60,"Mixer","active"
408,60,"Oven","active"
409,60,"Rice Cooker","active"
410,60,"Slow Cooker","active"
411,60,"Toaster","active"
412,61,"Kartu RFID","active"
413,61,"Laser Pointer","active"
414,61,"Layar Proyektor","active"
415,61,"LED Proyektor","active"
416,61,"Mesin Absensi","active"
417,61,"Mesin Fax","active"
418,61,"Mesin Fotocopy","active"
419,61,"Mesin Hitung Uang","active"
420,61,"Mesin Jilid","active"
421,61,"Mesin Kasir","active"
422,61,"Mesin Laminating","active"
423,61,"Mesin Penghancur Kertas","active"
424,61,"Reader RFID","active"
425,62,"Alat Pengering Baju","active"
426,62,"Hand Blower","active"
427,62,"Mesin Cuci","active"
428,62,"Setrika","active"
429,62,"Setrika Uap","active"
430,62,"Vacuum Cleaners","active"
431,63,"Access Control Door","active"
432,63,"Alarm","active"
433,63,"DVR","active"
434,63,"IP Camera","active"
435,63,"Kabel CCTV","active"
436,63,"Kamera CCTV","active"
437,63,"Metal Detector","active"
438,63,"Motion Detector","active"
439,63,"Smoke Detector","active"
440,63,"Spare Part","active"
441,64,"Bohlam","active"
442,64,"Fitting Lampu","active"
443,64,"Lampu Baca","active"
444,64,"Lampu Darurat","active"
445,64,"Lampu Dinding","active"
446,64,"Lampu Gantung","active"
447,64,"Lampu Hias","active"
448,64,"Lampu Meja","active"
449,64,"Lampu Proyektor","active"
450,64,"Lampu Tidur","active"
451,64,"Senter","active"
452,65,"Blu Ray Player","active"
453,65,"DVD Player","active"
454,65,"MP3 & MP4 Player","active"
455,65,"Perangkat Elektronik Lainnya","active"
456,65,"Radio & Tape Player","active"
457,66,"Lainnya","active"
458,67,"Printer All in One","active"
459,67,"Printer Barcode","active"
460,67,"Printer Dot Matrix","active"
461,67,"Printer Ink Jet","active"
462,67,"Printer Laser Color","active"
463,67,"Printer Laser Mono","active"
464,67,"Printer Thermal","active"
465,67,"Scanner","active"
466,67,"Spare part Printer","active"
467,67,"Tinta Printer","active"
468,67,"Toner Printer","active"
469,68,"Kabel & Konektor Telepon","active"
470,68,"Telepon Kabel","active"
471,68,"Telepon Satelit","active"
472,68,"Telepon Wireless","active"
473,68,"Walkie Talkie","active"
474,69,"Antena TV & Parabola","active"
475,69,"Bracket TV","active"
476,69,"Kabel & Konektor","active"
477,69,"Penguat Sinyal TV","active"
478,69,"Receiver TV","active"
479,69,"Remote TV","active"
480,69,"Televisi","active"
481,69,"TV Box","active"
482,70,"Soundcard Recording","active"
483,71,"Aksesoris Alat Musik Gesek","active"
484,71,"Biola","active"
485,71,"Bow Biola & Cello","active"
486,71,"Cello","active"
487,71,"Senar Biola","active"
488,71,"Senar Cello","active"
489,72,"Aksesoris Alat Musik Tiup","active"
490,72,"Harmonika","active"
491,72,"Pianika","active"
492,72,"Saxophone","active"
493,72,"Selang Pianika","active"
494,72,"Suling Recorder","active"
495,72,"Trumpet","active"
496,72,"Valve Oil","active"
497,73,"Angklung","active"
498,73,"Gamelan","active"
499,73,"Gendang","active"
500,73,"Gong","active"
501,73,"Jimbe","active"
502,73,"Kalimba","active"
503,73,"Kecapi","active"
504,73,"Sasando","active"
505,73,"Seruling","active"
506,74,"Aksesoris Drum & Perkusi","active"
507,74,"Alat Perkusi Orkestra","active"
508,74,"Cajon","active"
509,74,"Cymbal","active"
510,74,"Drum Elektrik","active"
511,74,"Drum Microphone","active"
512,74,"Drum Pad","active"
513,74,"Marakas","active"
514,74,"Pedal Drum","active"
515,74,"Rebana","active"
516,74,"Snare Drum","active"
517,74,"Stand Drum","active"
518,74,"Stik Drum","active"
519,74,"Tamborin","active"
520,74,"Tas Snare & Cymbal Drum","active"
521,76,"Amplifier Gitar & Bass","active"
522,76,"Bass Akustik","active"
523,76,"Bass Elektrik","active"
524,76,"Capo Gitar & Bass","active"
525,76,"Efek Gitar & Bass","active"
526,76,"Gitar Akustik","active"
527,76,"Gitar Elektrik","active"
528,76,"Gitar Klasik","active"
529,76,"Guitalele","active"
530,76,"Kabel Jack Gitar & Bass","active"
531,76,"Pick Gitar & Bass","active"
532,76,"Senar Bass","active"
533,76,"Senar Gitar","active"
534,76,"Stand Gitar","active"
535,76,"Strap Gitar","active"
536,76,"Tas Bass","active"
537,76,"Tas Gitar","active"
538,76,"Tuner Gitar & Bass","active"
539,76,"Ukulele","active"
540,77,"Adaptor Keyboard & Piano","active"
541,77,"Amplifier Keyboard","active"
542,77,"Cover Piano","active"
543,77,"Electone","active"
544,77,"Grand Piano","active"
545,77,"Keyboard","active"
546,77,"Kursi Keyboard & Piano","active"
547,77,"Pedal Piano & Keyboard","active"
548,77,"Piano","active"
549,77,"Piano Elektrik","active"
550,77,"Stand Keyboard","active"
551,77,"Synthesizer","active"
552,77,"Tas Keyboard","active"
553,78,"CD & DVD Musik","active"
554,78,"Kaset Pita","active"
555,78,"Lainnya","active"
556,79,"Busa Peredam Suara","active"
557,79,"Metronome","active"
558,79,"Stand Partitur","active"
559,80,"Aksesoris Microphone","active"
560,80,"Efek Vokal","active"
561,80,"Microphone","active"
562,80,"Mixer Audio","active"
563,81,"Charger Handphone","active"
564,81,"Charger Mobil","active"
565,81,"Docking Handphone","active"
566,81,"Flip Cover Handphone","active"
567,81,"Gantungan Handphone","active"
568,81,"Hard Case Handphone","active"
569,81,"Holder Handphone","active"
570,81,"I-Ring","active"
571,81,"Kabel Data","active"
572,81,"Kabel OTG","active"
573,81,"Lensa Kamera Handphone","active"
574,81,"Mount Handphone","active"
575,81,"Pelindung Kabel","active"
576,81,"Pembesar Layar Handphone","active"
577,81,"Pop Socket","active"
578,81,"Rubber Gel Pad","active"
579,81,"Screen Protector Handphone","active"
580,81,"Selfie Ring Light","active"
581,81,"Skin Handphone","active"
582,81,"Soft Case Handphone","active"
583,81,"Stand Handphone","active"
584,81,"Tongsis","active"
585,81,"Tripod Handphone","active"
586,82,"Casing & Cover Tablet","active"
587,82,"Charger Tablet","active"
588,82,"Connection Kit","active"
589,82,"Docking Tablet","active"
590,82,"Holder Tablet","active"
591,82,"Keyboard Bluetooth","active"
592,82,"Mount Tablet","active"
593,82,"Screen Guard Tablet","active"
594,82,"Stylus Tablet","active"
595,82,"Tablet Sleeve","active"
596,82,"Tripod Tablet","active"
597,83,"Android OS","active"
598,83,"BlackBerry OS","active"
599,83,"Feature Phone","active"
600,83,"iOS","active"
601,83,"Windows Mobile","active"
602,84,"Baterai Handphone","active"
603,84,"IC Handphone","active"
604,84,"Keypad Handphone","active"
605,84,"LCD Handphone","active"
606,84,"Sim Tray Handphone","active"
607,84,"Spare Part Handphone","active"
608,85,"Baterai Tablet","active"
609,85,"LCD Tablet","active"
610,85,"Spare Part Tablet","active"
611,86,"Nomor Perdana","active"
612,86,"Voucher Data Fisik","active"
613,86,"Voucher Pulsa Fisik","active"
614,88,"Android OS","active"
615,88,"iOS","active"
616,88,"Kindle e-Book","active"
617,88,"Windows Mobile","active"
618,89,"Aksesoris Wearable Devices","active"
619,89,"GPS & Sport Tracker","active"
620,89,"Lainnya","active"
621,89,"Virtual Reality","active"
622,89,"Wearable Cameras","active"
623,90,"Kabel Konektor Kamera","active"
624,90,"Lainnya","active"
625,90,"Microphone Kamera","active"
626,90,"Monopod Kamera","active"
627,90,"Remote Wireless Kamera","active"
628,90,"Silica Gel Kamera","active"
629,90,"Stabilizer Kamera","active"
630,90,"Tripod Kamera","active"
631,91,"Disposable Camera","active"
632,91,"Kamera Film","active"
633,91,"Kamera Instan","active"
634,92,"Baterai","active"
635,92,"Charger Kamera","active"
636,93,"Camcorder","active"
637,94,"Cleaning Cloth & Wipe","active"
638,94,"Cleaning Kit Kamera","active"
639,94,"Cleaning Swab","active"
640,94,"Dry Box Kamera","active"
641,94,"Lenspen","active"
642,94,"Rubber Dust Air Blower","active"
643,95,"Action Camera","active"
644,95,"Kamera 360","active"
645,95,"Kamera DSLR","active"
646,95,"Kamera Mirrorless","active"
647,95,"Kamera Pocket","active"
648,96,"Aksesoris Drone","active"
649,96,"Drone Kamera","active"
650,96,"Drone Remote Control","active"
651,96,"Tas Drone","active"
652,97,"Album Foto","active"
653,97,"DVs","active"
654,97,"Frame Digital","active"
655,97,"Frame Foto","active"
656,97,"Printer Foto","active"
657,97,"Printer Foto Portable","active"
658,97,"Refilll Kamera Instan","active"
659,97,"Roll Film","active"
660,98,"Adapter Lensa","active"
661,98,"Cap Lensa Kamera","active"
662,98,"Converter - Teleconverter","active"
663,98,"Filter Lensa Kamera","active"
664,98,"Hood Lensa Kamera","active"
665,98,"Lens Pouch","active"
666,98,"Lensa Kamera","active"
667,99,"Backdrop","active"
668,99,"Flash Diffuser","active"
669,99,"Flash Kamera","active"
670,99,"Flash Trigger","active"
671,99,"Hot Shoe Kamera","active"
672,99,"Ring Light","active"
673,99,"Softbox","active"
674,100,"Case Kamera","active"
675,100,"Strap Kamera","active"
676,100,"Tas Ransel Kamera","active"
677,100,"Tas Selempang Kamera","active"
678,100,"Waterproof Case Kamera","active"
679,106,"Alat Bantu Pendengaran","active"
680,106,"Alat Bantu Penglihatan","active"
681,106,"Alat Bantu Pernafasan","active"
682,106,"Alat Diagnosa","active"
683,106,"Alat Laboratorium","active"
684,106,"Alat Pelangsing","active"
685,106,"Alat Penunjang Gerak","active"
686,106,"Alat Pijat","active"
687,106,"Alat Terapi","active"
688,106,"Disposable Consumable","active"
689,106,"Earmuff","active"
690,106,"Peralatan P3K","active"
691,106,"Peralatan Rumah Sakit Emergency","active"
692,106,"Seragam Medis","active"
693,106,"Termometer","active"
694,106,"Timbangan Badan","active"
695,107,"Balsam","active"
696,107,"Koyo","active"
697,107,"Minyak Pijat","active"
698,107,"Salep Otot","active"
699,108,"Calcium","active"
700,108,"Sistem Kekebalan Tubuh","active"
701,108,"Suplemen Vitamin Rambut","active"
702,108,"Vitamin A","active"
703,108,"Vitamin Anak","active"
704,108,"Vitamin B","active"
705,108,"Vitamin Bayi","active"
706,108,"Vitamin C","active"
707,108,"Vitamin D","active"
708,108,"Vitamin E","active"
709,109,"Adaptor Laptop","active"
710,109,"Alas Laptop","active"
711,109,"Card Readers","active"
712,109,"Cooling Pad","active"
713,109,"Drawing Tablet","active"
714,109,"Kabel & Konektor","active"
715,109,"Keyboard","active"
716,109,"Keypad","active"
717,109,"Lainnya","active"
718,109,"Laptop Case","active"
719,109,"Laptop Sleeve","active"
720,109,"Meja Laptop","active"
721,109,"Mouse","active"
722,109,"Mouse & Keyboard Bundle","active"
723,109,"Mousepad","active"
724,109,"Protector Laptop","active"
725,109,"Skin Laptop","active"
726,109,"Tas Laptop","active"
727,109,"TV Card & Tuner","active"
728,109,"Webcam","active"
729,110,"Gaming Mouse & Keyboard Bundle","active"
730,110,"Headset Gaming","active"
731,110,"Keyboard Gaming","active"
732,110,"Laptop Gaming","active"
733,110,"Mouse Gaming","active"
734,110,"Mouse Pad Gaming","active"
735,110,"PC Gaming","active"
736,111,"Desktop All-in-One","active"
737,111,"Desktop Tower","active"
738,111,"Komputer Rakitan","active"
739,111,"Mini PC","active"
740,112,"Kabel DVI","active"
741,112,"Kabel Ethernet","active"
742,112,"Kabel FireWire","active"
743,112,"Kabel Front Panel","active"
744,112,"Kabel HDMI","active"
745,112,"Kabel IDE","active"
746,112,"Kabel LAN","active"
747,112,"Kabel Power CPU","active"
748,112,"Kabel SATA & eSATA","active"
749,112,"Kabel USB","active"
750,112,"Kabel UTP","active"
751,112,"Kabel VGA","active"
752,112,"USB Hub & Extension","active"
753,113,"Casing Komputer","active"
754,113,"CPU Processor","active"
755,113,"Internal Fan & Cooler","active"
756,113,"Internal Power Supply","active"
757,113,"Motherboard","active"
758,113,"Motherboard AMD","active"
759,113,"Optical Drive","active"
760,113,"Port USB & Audio","active"
761,113,"RAM Komputer","active"
762,113,"Sound Card","active"
763,113,"Stabilizer Komputer","active"
764,113,"Thermal Paste","active"
765,113,"UPS","active"
766,113,"VGA Card","active"
767,114,"Baterai Laptop","active"
768,114,"Cooling Fan Laptop","active"
769,114,"Keyboard Laptop","active"
770,114,"LCD Laptop","active"
771,114,"Mainboard Laptop","active"
772,114,"Processor Laptop","active"
773,114,"RAM Laptop","active"
774,115,"Laptop 2 in 1","active"
775,115,"Laptop Consumer","active"
776,115,"Notebook","active"
777,115,"Ultrabook","active"
778,116,"Casing CD / DVD","active"
779,116,"CD & DVD Kosong","active"
780,116,"Disket","active"
781,116,"Harddisk External","active"
782,116,"Harddisk Internal","active"
783,116,"Lainnya","active"
784,116,"SSD","active"
785,116,"Storage Cases & Docking","active"
786,116,"USB Flash Disk","active"
787,117,"Case Memory Card","active"
788,117,"Compact Flash","active"
789,117,"Memory Card Adapter","active"
790,117,"Memory Stick Micro M2","active"
791,117,"Memory Stick Pro Duo","active"
792,117,"Memory Stick Pro-HG Duo","active"
793,117,"microSD Card","active"
794,117,"miniSD Card","active"
795,117,"MMC","active"
796,117,"SD Card","active"
797,118,"Monitor LCD","active"
798,118,"Monitor LED","active"
799,118,"Monitor Tabung","active"
800,119,"Adapter","active"
801,119,"KVM Switch","active"
802,119,"Modem Pool","active"
803,119,"Modem USB","active"
804,119,"Modem Wifi","active"
805,119,"Network Card","active"
806,119,"Network Transceiver","active"
807,119,"Optical Power Meter","active"
808,119,"Penguat Sinyal","active"
809,119,"Power Over Ethernet","active"
810,119,"Powerline","active"
811,119,"Print Server","active"
812,119,"Router","active"
813,119,"Switch Internet","active"
814,121,"Anti-Virus","active"
815,121,"Multimedia","active"
816,121,"Sistem Operasi","active"
817,121,"Work Services","active"
818,122,"Bahan Puding & Agar - Agar","active"
819,122,"Baking Powder","active"
820,122,"Baking Soda","active"
821,122,"Coklat Bubuk","active"
822,122,"Coklat Masak","active"
823,122,"Perisa Makanan","active"
824,122,"Pewarna Makanan","active"
825,122,"Ragi","active"
826,122,"Topping & Penghias Kue","active"
827,124,"Bumbu Lainnya","active"
828,124,"Bumbu Masak Instan","active"
829,124,"Cuka","active"
830,124,"Garam & Merica","active"
831,124,"Gula","active"
832,124,"Kaldu & Penyedap Rasa","active"
833,124,"Kecap","active"
834,124,"Mayonnaise","active"
835,124,"Minyak","active"
836,124,"Rempah","active"
837,124,"Santan","active"
838,124,"Saus & Dressing","active"
839,124,"Terasi","active"
840,126,"Biji Kopi","active"
841,126,"Kopi Bubuk","active"
842,126,"Kopi Kemasan","active"
843,126,"Krimer","active"
844,127,"Kue Basah","active"
845,127,"Kue Kering","active"
846,127,"Kue Ulang Tahun","active"
847,128,"Baso & Daging Olahan Lainnya","active"
848,128,"Buah Beku","active"
849,128,"Camilan Beku","active"
850,128,"Daging Sosis","active"
851,128,"Dessert","active"
852,128,"Kentang Beku","active"
853,128,"Nugget","active"
854,128,"Pastry & Olahan Tepung","active"
855,128,"Sayuran Beku","active"
856,128,"Sosis","active"
857,129,"Lauk Pauk","active"
858,129,"Makanan Asin","active"
859,129,"Makanan Manis","active"
860,129,"Nasi Tumpeng","active"
861,129,"Sayur Olahan","active"
862,130,"Abon","active"
863,130,"Biji-bijian","active"
864,130,"Daging Kering & Asin","active"
865,130,"Kerupuk","active"
866,130,"Makanan Kering Lainnya","active"
867,131,"Biskuit & Wafer","active"
868,131,"Camilan Instant","active"
869,131,"Cokelat","active"
870,131,"Kacang","active"
871,131,"Keripik","active"
872,131,"Permen","active"
873,131,"Puding & Jelly","active"
874,132,"Granola","active"
875,132,"Meses","active"
876,132,"Muesli","active"
877,132,"Oat","active"
878,132,"Quinoa","active"
879,132,"Roti","active"
880,132,"Selai","active"
881,132,"Sereal","active"
882,133,"Aneka Pasta","active"
883,133,"Bihun & Soun","active"
884,133,"Kwetiau","active"
885,133,"Mie Instan","active"
886,133,"Mie Telur","active"
887,134,"Air Mineral","active"
888,134,"Apple Cider Vinegar","active"
889,134,"Energy Drink","active"
890,134,"Madu","active"
891,134,"Minuman Lainnya","active"
892,134,"Minuman Tradisional","active"
893,134,"Sirup","active"
894,134,"Soft Drink","active"
895,135,"Paket Sembako","active"
896,135,"Parcel Buah","active"
897,135,"Parcel Coklat","active"
898,135,"Parcel Kue Kering","active"
899,135,"Parcel Makanan","active"
900,136,"Keju","active"
901,136,"Krim","active"
902,136,"Mentega & Butter","active"
903,136,"Susu Bubuk","active"
904,136,"Susu Kedelai & Kacang-kacangan","active"
905,136,"Susu Kental Manis","active"
906,136,"Susu Lansia","active"
907,136,"Susu segar & Pasteurisasi","active"
908,136,"Susu UHT","active"
909,136,"Yogurt","active"
910,137,"Daging Ayam","active"
911,137,"Daging Kambing","active"
912,137,"Daging Lainnya","active"
913,137,"Daging Sapi","active"
914,137,"Ikan","active"
915,137,"Seafood","active"
916,137,"Tahu & Tempe","active"
917,137,"Telur","active"
918,138,"Buah-buahan","active"
919,138,"Jamur","active"
920,138,"Sayuran","active"
921,139,"Daun Teh","active"
922,139,"Teh Bubuk","active"
923,139,"Teh Celup","active"
924,139,"Teh Kemasan","active"
925,140,"Tepung Beras & Ketan","active"
926,140,"Tepung Bumbu & Tepung Siap Pakai","active"
927,140,"Tepung Jagung","active"
928,140,"Tepung Kentang","active"
929,140,"Tepung Roti - Panir","active"
930,140,"Tepung Sagu","active"
931,140,"Tepung Tapioka","active"
932,140,"Tepung Terigu & Gandum","active"
933,141,"Arm Sleeve","active"
934,141,"Bracer & Body Support","active"
935,141,"Dekker Siku","active"
936,141,"Glove & Hand Wrap","active"
937,141,"Headband","active"
938,141,"Kacamata Olahraga","active"
939,141,"Knee Pad","active"
940,141,"Lainnya","active"
941,141,"Papan Skor","active"
942,141,"Peluit","active"
943,141,"Pompa Bola","active"
944,141,"Stopwatch","active"
945,141,"Tas Gym","active"
946,141,"Tas Pinggang Olahraga","active"
947,141,"Tas Sepatu Olahraga","active"
948,141,"Wristband","active"
949,142,"Aksesoris Memancing","active"
950,142,"Fish Finder","active"
951,142,"Gulungan Pancing","active"
952,142,"Joran Pancing","active"
953,142,"Kail Pancing","active"
954,142,"Senar Pancing","active"
955,142,"Set Alat Pancing","active"
956,142,"Tas Pancing","active"
957,142,"Umpan Pancing","active"
958,143,"Baju Badminton","active"
959,143,"Grip Raket Badminton","active"
960,143,"Net Badminton","active"
961,143,"Raket Badminton","active"
962,143,"Senar Raket Badminton","active"
963,143,"Sepatu Badminton","active"
964,143,"Shuttlecock","active"
965,143,"Tas Raket Badminton","active"
966,144,"Bola Baseball","active"
967,144,"Celana Baseball","active"
968,144,"Sarung Tangan Baseball","active"
969,144,"Sepatu Baseball","active"
970,144,"Tongkat Baseball","active"
971,145,"Arm Sleeve Basket","active"
972,145,"Bola Basket","active"
973,145,"Dekker Basket","active"
974,145,"Jersey Basket","active"
975,145,"Kaos Basket","active"
976,145,"Kaos Kaki Basket","active"
977,145,"Leg Sleeve Basket","active"
978,145,"Net Basket","active"
979,145,"Papan Strategi Basket","active"
980,145,"Ring Basket","active"
981,145,"Sepatu Basket","active"
982,145,"Tas Basket","active"
983,146,"Baju & Celana Bela Diri","active"
984,146,"Baton","active"
985,146,"Knuckle","active"
986,146,"Nunchaku","active"
987,146,"Pelindung Bela Diri","active"
988,147,"Pelindung Gigi Tinju","active"
989,147,"Samsak Tinju","active"
990,147,"Sarung Tinju","active"
991,147,"Target Pad","active"
992,147,"Tas Sarung Tinju","active"
993,148,"Abs Roller","active"
994,148,"Air Climber","active"
995,148,"Alat Angkat Beban","active"
996,148,"Baju Sauna","active"
997,148,"Bench Press","active"
998,148,"Chest Expander","active"
999,148,"Gym Ball","active"
1000,148,"Hand Grip","active"
1001,148,"Hulahoop","active"
1002,148,"Lainnya","active"
1003,148,"Pemberat Kaki","active"
1004,148,"Pemberat Tangan","active"
1005,148,"Power Twister","active"
1006,148,"Pull Up Bar","active"
1007,148,"Push Up Bar","active"
1008,148,"Sepeda Statis","active"
1009,148,"Sit Up Bench","active"
1010,148,"Tali Skipping","active"
1011,148,"Trampolin","active"
1012,148,"Treadmill","active"
1013,148,"Tummy Trimmer","active"
1014,149,"Alat Masak Camping","active"
1015,149,"Carabiner","active"
1016,149,"Celana Gunung","active"
1017,149,"Hammock","active"
1018,149,"Headlamp & Senter Camping","active"
1019,149,"Jaket Gunung","active"
1020,149,"Kompas","active"
1021,149,"Lainnya","active"
1022,149,"Lampu Camping","active"
1023,149,"Paracord","active"
1024,149,"Perahu Karet & Dayung","active"
1025,149,"Rain Cover Tas Gunung","active"
1026,149,"Sepatu Gunung","active"
1027,149,"Sleeping Bag","active"
1028,149,"Survival Kit & Alat Multifungsi","active"
1029,149,"Tas Gunung","active"
1030,149,"Tenda Camping","active"
1031,149,"Teropong","active"
1032,149,"Tongkat Gunung","active"
1033,149,"Trekking Pole","active"
1034,151,"Alat & Aksesoris Selam","active"
1035,151,"Alat Snorkeling","active"
1036,151,"Baju Renang Anak Laki-laki","active"
1037,151,"Baju Renang Anak Perempuan","active"
1038,151,"Baju Renang Pria","active"
1039,151,"Baju Renang Wanita","active"
1040,151,"Celana Renang Pria","active"
1041,151,"Diving Fin","active"
1042,151,"Diving Mask","active"
1043,151,"Dry Bag","active"
1044,151,"Kacamata Renang","active"
1045,151,"Kolam Karet","active"
1046,151,"Lainnya","active"
1047,151,"Pelampung","active"
1048,151,"Senter Diving","active"
1049,151,"Topi Renang","active"
1050,151,"Wetsuit & Drysuit","active"
1051,152,"Celana Training Pria","active"
1052,152,"Jaket Track Pria","active"
1053,152,"Jaket Windbreaker Pria","active"
1054,152,"Kaos Dry Fit Pria","active"
1055,152,"Legging Sport Pria","active"
1056,152,"Muscle Tee Pria","active"
1057,152,"Setelan Olahraga Pria","active"
1058,153,"Celana Training Wanita","active"
1059,153,"Jaket Windbreaker Wanita","active"
1060,153,"Kaos Dry Fit Wanita","active"
1061,153,"Legging Sport Wanita","active"
1062,153,"Muscle Tee Wanita","active"
1063,153,"Rok Senam Wanita","active"
1064,153,"Setelan Olahraga Wanita","active"
1065,154,"Anak Panah","active"
1066,154,"Busur Panah","active"
1067,154,"Finger Tab Panahan","active"
1068,154,"Pelindung Dada Panahan","active"
1069,154,"Pelindung Tangan Panahan","active"
1070,154,"Sarung Tangan Panahan","active"
1071,154,"Tali Busur Panah","active"
1072,154,"Target Panah","active"
1073,154,"Tas Panahan","active"
1074,154,"Thumb Glove Panahan","active"
1075,155,"Celana Lari Pria","active"
1076,155,"Celana Lari Wanita","active"
1077,155,"Sepatu Lari Pria","active"
1078,155,"Sepatu Lari Wanita","active"
1079,156,"Bola Sepak","active"
1080,156,"Dekker Futsal","active"
1081,156,"Dekker Sepak Bola","active"
1082,156,"Jaket Bola","active"
1083,156,"Jaring Gawang","active"
1084,156,"Jersey Bola","active"
1085,156,"Kaos Kaki","active"
1086,156,"Papan Strategi Bola & Futsal","active"
1087,156,"Sarung Tangan Kiper","active"
1088,156,"Sepatu Bola","active"
1089,156,"Sepatu Futsal","active"
1090,157,"Dekker Sepatu Roda & Skateboard","active"
1091,157,"Grip tape Skateboard","active"
1092,157,"Helm Sepatu Roda & Skateboard","active"
1093,157,"Roda Skateboard","active"
1094,157,"Sepatu Roda","active"
1095,157,"Skateboard","active"
1096,157,"Skateboard Tools","active"
1097,157,"Skuter & Otoped","active"
1098,158,"Aksesoris Sepeda","active"
1099,158,"Ban Sepeda","active"
1100,158,"Frame Sepeda","active"
1101,158,"Helm Sepeda","active"
1102,158,"Jersey & Celana Sepeda","active"
1103,158,"Lampu Sepeda","active"
1104,158,"Saddle Sepeda","active"
1105,158,"Sepeda Anak","active"
1106,158,"Sepeda Balap","active"
1107,158,"Sepeda BMX","active"
1108,158,"Sepeda Gunung","active"
1109,158,"Sepeda Lipat","active"
1110,158,"Sepeda Listrik","active"
1111,158,"Spare Part Sepeda","active"
1112,158,"Stang Sepeda","active"
1113,158,"Tas Sepeda","active"
1114,158,"Velg Sepeda","active"
1115,159,"Baju Tenis","active"
1116,159,"Bola Tenis","active"
1117,159,"Grip Raket Tenis","active"
1118,159,"Raket Tenis","active"
1119,159,"Senar Raket Tenis","active"
1120,159,"Sepatu Tenis","active"
1121,159,"Tas Raket Tenis","active"
1122,160,"Baju Tenis Meja","active"
1123,160,"Bat Tenis Meja","active"
1124,160,"Bola Tenis Meja","active"
1125,160,"Cover Bat Tenis Meja","active"
1126,160,"Cover Meja Tenis","active"
1127,160,"Grip Bat Tenis Meja","active"
1128,160,"Meja Tenis Meja","active"
1129,160,"Net Tenis Meja","active"
1130,161,"Baju Voli","active"
1131,161,"Bola Voli","active"
1132,161,"Dekker Jari Olahraga Voli","active"
1133,161,"Jaring Net Voli","active"
1134,161,"Papan Strategi Voli","active"
1135,162,"Balok Yoga","active"
1136,162,"Resistance Band","active"
1137,162,"Yoga Mat","active"
1138,163,"Chain Block","active"
1139,163,"Katrol","active"
1140,163,"Krat Plastik","active"
1141,163,"Roda Kastor","active"
1142,163,"Stacker","active"
1143,163,"Tali Kawat","active"
1144,163,"Tangga Lipat","active"
1145,163,"Trolley","active"
1146,164,"Ear Protector","active"
1147,164,"Pemadam Api","active"
1148,164,"Pita Pembatas & Barikade","active"
1149,164,"Rompi Proyek","active"
1150,164,"Safety Belt","active"
1151,164,"Safety Boots","active"
1152,164,"Safety Cone","active"
1153,164,"Safety Glasses","active"
1154,164,"Safety Glove","active"
1155,164,"Safety Helmet","active"
1156,164,"Safety Mask","active"
1157,164,"Topeng & Helm Las","active"
1158,164,"Wearpack","active"
1159,165,"Alat Semprot Hama","active"
1160,165,"Cangkul","active"
1161,165,"Mesin Blower","active"
1162,165,"Mesin Fogging","active"
1163,165,"Mesin Traktor","active"
1164,165,"Pisau Sabit","active"
1165,165,"Sekop","active"
1166,165,"Sprinkler","active"
1167,166,"Pengukur Arus Air","active"
1168,166,"Pengukur Arus Listrik","active"
1169,166,"Pengukur Berat","active"
1170,166,"Pengukur Dimensi","active"
1171,166,"Pengukur Kualitas Udara","active"
1172,166,"Pengukur Tekanan","active"
1173,166,"Pengukur Temperatur","active"
1174,167,"Baut","active"
1175,167,"Hook","active"
1176,167,"Mur","active"
1177,167,"Ring Plat","active"
1178,167,"Rivet","active"
1179,167,"Skrup","active"
1180,168,"Cat Kayu","active"
1181,168,"Cat Pelapis","active"
1182,168,"Cat Semprot","active"
1183,168,"Cat Tembok","active"
1184,168,"Kuas Cat","active"
1185,168,"Plamir","active"
1186,168,"Roller Cat","active"
1187,168,"Thinner","active"
1188,168,"Wallpaper","active"
1189,171,"Alat Penjepit","active"
1190,171,"Blow Torch","active"
1191,171,"Gergaji","active"
1192,171,"Gunting Pipa","active"
1193,171,"Kapak","active"
1194,171,"Kertas Amplas","active"
1195,171,"Kunci Inggris","active"
1196,171,"Kunci L","active"
1197,171,"Kunci Ring Pas","active"
1198,171,"Kunci Shock","active"
1199,171,"Kunci T","active"
1200,171,"Mata Obeng","active"
1201,171,"Obeng","active"
1202,171,"Palu","active"
1203,171,"Pinset","active"
1204,171,"Sendok Semen","active"
1205,171,"Staples Gun","active"
1206,171,"Tang","active"
1207,171,"Tang Crimping","active"
1208,171,"Tang Potong","active"
1209,171,"Tool Kit Set","active"
1210,171,"Treker","active"
1211,172,"Filter Keran Air","active"
1212,172,"Fitting Pipa","active"
1213,172,"Foot Valve & Klep","active"
1214,172,"Jet Shower Toilet","active"
1215,172,"Kepala Shower Mandi","active"
1216,172,"Keran Air","active"
1217,172,"Kloset","active"
1218,172,"Lem Pipa","active"
1219,172,"Pembersih Saluran Air","active"
1220,172,"Pipa PVC","active"
1221,172,"Pompa Air","active"
1222,172,"Saringan Got","active"
1223,172,"Selang Shower","active"
1224,172,"Shower Holder","active"
1225,172,"Tiang Shower","active"
1226,172,"Toren Air","active"
1227,172,"Washtafel","active"
1228,172,"Water Heater","active"
1229,173,"Mesin Bandsaw","active"
1230,173,"Mesin Bending","active"
1231,173,"Mesin Bubut","active"
1232,173,"Mesin Milling","active"
1233,174,"Asbes","active"
1234,174,"Baja","active"
1235,174,"Batako","active"
1236,174,"Batu","active"
1237,174,"Batu Bata","active"
1238,174,"Besi","active"
1239,174,"Beton","active"
1240,174,"Engsel","active"
1241,174,"Gagang Pintu","active"
1242,174,"Genteng","active"
1243,174,"Granit","active"
1244,174,"Grendel","active"
1245,174,"Jendela","active"
1246,174,"Kaca","active"
1247,174,"Kawat","active"
1248,174,"Kayu","active"
1249,174,"Keramik Lantai","active"
1250,174,"Kusen Pintu","active"
1251,174,"Lantai Kayu","active"
1252,174,"Paku","active"
1253,174,"Pasir","active"
1254,174,"Semen","active"
1255,174,"Tanah","active"
1256,174,"Triplek","active"
1257,176,"Industrial Fan","active"
1258,176,"Motor Listrik","active"
1259,176,"Motor Starter","active"
1260,176,"Transmission Belt","active"
1261,177,"Digital Counter","active"
1262,177,"Encoder","active"
1263,177,"Gas Sensor","active"
1264,177,"Human Machine Interface","active"
1265,177,"Indikator Temperatur","active"
1266,177,"Level Sensor","active"
1267,177,"Limit Switch","active"
1268,177,"Photoelectric Sensor","active"
1269,177,"PID controller","active"
1270,177,"PLC","active"
1271,177,"Push Button","active"
1272,177,"Relay","active"
1273,177,"Sensor Proximity","active"
1274,177,"SMPS","active"
1275,178,"Generator Las","active"
1276,178,"Kawat Las","active"
1277,178,"Mesin Las","active"
1278,178,"Pasta Solder","active"
1279,178,"Solder","active"
1280,178,"Soldering Kit","active"
1281,178,"Timah Solder","active"
1282,179,"Adaptor","active"
1283,179,"Anti Petir","active"
1284,179,"Bel","active"
1285,179,"Insulator","active"
1286,179,"Isolasi Listrik","active"
1287,179,"Kabel Roll","active"
1288,179,"Komponen Listrik","active"
1289,179,"Pelindung Kabel Spiral","active"
1290,179,"Pengaman Stop Kontak","active"
1291,179,"Penghemat Listrik","active"
1292,179,"Power Supply","active"
1293,179,"Saklar","active"
1294,179,"Stop Kontak","active"
1295,179,"Stun Gun","active"
1296,180,"Fitting Pneumatic","active"
1297,180,"Kompresor Udara","active"
1298,180,"Pengatur Kecepatan","active"
1299,180,"Pompa Angin","active"
1300,180,"Regulator Pneumatic","active"
1301,180,"Silinder Pneumatic","active"
1302,180,"Spray & Air Gun","active"
1303,180,"Switch Pneumatic","active"
1304,180,"Vacuum Pneumatic","active"
1305,181,"Gergaji Listrik","active"
1306,181,"Hot Gun","active"
1307,181,"Mata Bor","active"
1308,181,"Mata Gerinda","active"
1309,181,"Mesin Amplas","active"
1310,181,"Mesin Biscuit Jointer","active"
1311,181,"Mesin Bobok","active"
1312,181,"Mesin Bor","active"
1313,181,"Mesin Gerinda","active"
1314,181,"Mesin Mixer Cat","active"
1315,181,"Mesin Multi Oskilasi","active"
1316,181,"Mesin Pemoles","active"
1317,181,"Mesin Serut Kayu","active"
1318,182,"Lem Material","active"
1319,182,"Lem Talang","active"
1320,182,"Lem Tembak","active"
1321,183,"Solar Cables","active"
1322,183,"Solar Charge Controller","active"
1323,183,"Solar Inverter","active"
1324,183,"Solar Panel","active"
1325,184,"Cover Kipas Angin","active"
1326,184,"Cover Kursi","active"
1327,184,"Hiasan Dinding","active"
1328,184,"Hiasan Natal","active"
1329,184,"Jam Dinding","active"
1330,184,"Jam Meja","active"
1331,184,"Keset","active"
1332,184,"Lampu Pohon Natal","active"
1333,184,"Lilin","active"
1334,184,"Lilin Aroma Terapi","active"
1335,184,"Lukisan","active"
1336,184,"Patung","active"
1337,184,"Pohon Natal","active"
1338,184,"Slinger","active"
1339,184,"Stiker Kaca","active"
1340,184,"Tanaman Artifical","active"
1341,184,"Taplak Meja","active"
1342,184,"Tempat Lilin","active"
1343,184,"Vas Bunga","active"
1344,184,"Wall Sticker","active"
1345,185,"Cermin Badan","active"
1346,185,"Kasur","active"
1347,185,"Kursi","active"
1348,185,"Kursi Bar","active"
1349,185,"Kursi Goyang","active"
1350,185,"Kursi Makan","active"
1351,185,"Kursi Malas","active"
1352,185,"Lemari Pakaian","active"
1353,185,"Meja Bar","active"
1354,185,"Meja Makan","active"
1355,185,"Meja Rias","active"
1356,185,"Meja Tamu","active"
1357,185,"Meja TV","active"
1358,185,"Pengaman Furniture","active"
1359,185,"Rak","active"
1360,185,"Rangka Tempat Tidur","active"
1361,185,"Sofa","active"
1362,185,"Sofa Bed","active"
1363,186,"Cermin Kamar Mandi","active"
1364,186,"Dispenser Odol","active"
1365,186,"Ember & Baskom","active"
1366,186,"Gantungan Handuk","active"
1367,186,"Gayung","active"
1368,186,"Handuk Mandi","active"
1369,186,"Keset Anti Slip","active"
1370,186,"Kimono Mandi","active"
1371,186,"Rak Toilet","active"
1372,186,"Shower Curtain","active"
1373,186,"Tempat Sabun","active"
1374,186,"Tempat Sikat Gigi","active"
1375,186,"Toilet Cover","active"
1376,186,"Toilet Seat Anak","active"
1377,186,"Tutup Wastafel","active"
1378,187,"Bantal Kepala","active"
1379,187,"Guling","active"
1380,187,"Jepitan Sprei","active"
1381,187,"Kelambu","active"
1382,187,"Mattress Cover","active"
1383,187,"Sarung Bantal","active"
1384,187,"Selimut","active"
1385,187,"Sprei & Bed Cover","active"
1386,188,"Alat Pel","active"
1387,188,"Asbak","active"
1388,188,"Contact Cleaner","active"
1389,188,"Ember & Baskom","active"
1390,188,"High Pressure Cleaner","active"
1391,188,"Kain Lap","active"
1392,188,"Kantong Sampah","active"
1393,188,"Karbol","active"
1394,188,"Kemoceng","active"
1395,188,"Lainnya","active"
1396,188,"Pembersih Toilet","active"
1397,188,"Pengharum Ruangan","active"
1398,188,"Pengki","active"
1399,188,"Pest Control","active"
1400,188,"Pewangi Kamar Mandi","active"
1401,188,"Pewangi Kloset","active"
1402,188,"Sapu","active"
1403,188,"Sapu Lidi","active"
1404,188,"Sarung Tangan Karet","active"
1405,188,"Selang Air","active"
1406,188,"Sikat","active"
1407,188,"Tempat Sampah","active"
1408,188,"Tissue","active"
1409,188,"Toilet Seat Spray","active"
1410,189,"Baterai","active"
1411,189,"Baterai Jam","active"
1412,189,"Gembok","active"
1413,189,"Humidifier","active"
1414,189,"Payung","active"
1415,189,"Pembatas Ruangan","active"
1416,189,"Penahan Pintu","active"
1417,189,"Termometer Ruangan","active"
1418,191,"Gantungan Baju","active"
1419,191,"Lainnya","active"
1420,191,"Laundry Lainnya","active"
1421,191,"Roll Pembersih Pakaian","active"
1422,192,"Bean Bag","active"
1423,192,"Cover Sofa","active"
1424,192,"Gorden","active"
1425,192,"Karpet & Tikar","active"
1426,192,"Sarung Bantal Sofa","active"
1427,193,"Ayunan","active"
1428,193,"Benih Bibit Tanaman","active"
1429,193,"Garpu Taman","active"
1430,193,"Hiasan Taman","active"
1431,193,"Irigasi","active"
1432,193,"Kursi Pantai","active"
1433,193,"Media Tanam","active"
1434,193,"Pemotong Rumput","active"
1435,193,"Penyiram Tanaman","active"
1436,193,"Pot Tanaman","active"
1437,193,"Pupuk","active"
1438,193,"Sekop Taman","active"
1439,194,"Botol","active"
1440,194,"Brankas","active"
1441,194,"Keranjang","active"
1442,194,"Kotak","active"
1443,194,"Kotak Baterai","active"
1444,194,"Kotak Jam","active"
1445,194,"Kotak Karton","active"
1446,194,"Kotak Surat","active"
1447,194,"Laci","active"
1448,194,"Lainnya","active"
1449,194,"Stand Hanger","active"
1450,194,"Storage Box Multifungsi","active"
1451,194,"Tempat Obat","active"
1452,194,"Tempat Pakaian","active"
1453,194,"Tempat Perhiasan & Aksesoris","active"
1454,194,"Tempat Remote","active"
1455,194,"Tempat Sepatu & Sandal","active"
1456,194,"Tempat Tas","active"
1457,194,"Tempat Tissue","active"
1458,204,"Jenjang SD/MI","active"
1459,204,"Jenjang SMP/MTs","active"
1460,204,"Jenjang SMA/MA","active"
1461,205,"Jenjang SD/MI","active"
1462,205,"Jenjang SMP/MTs","active"
1463,205,"Jenjang SMA/MA","active"
1464,206,"Pendidikan Anak Usia Dini","active"
1465,206,"Pendidikan Sekolah Dasar","active"
1466,206,"Pendidikan Sekolah Menengah Pertama","active"
1467,206,"Pendidikan Sekolah Menengah Atas / Kejuruan","active"
1468,207,"PAUD - SD","active"
1469,207,"SMP - SMA","active"
1470,208,"PAUD - SD","active"
1471,208,"SMP - SMA","active"
1472,213,"Kapur Tulis Putih","active"
1473,213,"Kapur Tulis Warna","active"
1474,216,"Papan Pengumuman","active"
1475,216,"Papan Tulis Kapur","active"
1476,216,"Papan Tulis Spidol","active"
1477,216,"Papan Visual","active"
1478,218,"Penghapus Kapur Tulis","active"
1479,218,"Penghapus Pensil","active"
1480,218,"Penghapus White Board","active"
1481,343,"Dispenser Air Lantai Galon Atas","active"
1482,343,"Dispenser Air Lantai Galon Bawah","active"
1483,343,"Dispenser Air Meja","active"
1484,344,"Pompa Galon Elektrik","active"
1485,344,"Pompa Galon Manual","active"
1486,386,"Cairan Pencuci Piring Botol","active"
1487,386,"Krim Pencuci Piring","active"
1488,386,"Refill Cairan Pencuci Piring","active"
1489,394,"Kipas Angin Dinding","active"
1490,394,"Kipas Angin Gantung","active"
1491,394,"Kipas Angin Meja","active"
1492,394,"Kipas Angin Stand","active"
1493,441,"Bohlam Lainnya","active"
1494,441,"Bohlam Lampu LED","active"
1495,441,"Bohlam Lampu Pijar","active"
1496,441,"Bohlam Lampu SL (Fluoresen)","active"
1497,561,"Microphone Kabel","active"
1498,561,"Microphone Lainnya","active"
1499,561,"Microphone Wireless","active"
1500,682,"Alat Diagnosa Lainnya","active"
1501,682,"Stetoskop","active"
1502,688,"Disposable Consumable Lainnya","active"
1503,688,"Masker Medis","active"
1504,688,"Sarung Tangan Medis","active"
1505,691,"Peralatan Rumah Sakit Emergency Lainnya","active"
1506,691,"Tabung Oksigen","active"
1507,691,"Tandu","active"
1508,721,"Mouse Bluetooth","active"
1509,721,"Mouse Lainnya","active"
1510,721,"Mouse Optic USB Cable","active"
1511,721,"Mouse Scroll PS2 Ball Cable","active"
1512,779,"Casing CD / DVD","active"
1513,779,"CD R","active"
1514,779,"CD RW","active"
1515,779,"DVD RW","active"
1516,831,"Gula Pasir Kemasan","active"
1517,831,"Gula Pasir Sachet","active"
1518,887,"Air Mineral Botol","active"
1519,887,"Galon Air Mineral","active"
1520,1184,"Kuas Cat Lainnya","active"
1521,1184,"Kuas Cat Tembok 1 Inch","active"
1522,1184,"Kuas Cat Tembok 2 Inch","active"
1523,1184,"Kuas Cat Tembok 3 Inch","active"
1524,1220,"Pipa PVC 1.5inch","active"
1525,1220,"Pipa PVC 1inch","active"
1526,1386,"Kain Pel","active"
1527,1386,"Tongkat Pel","active"
1528,1410,"Baterai 9V","active"
1529,1410,"Baterai AA","active"
1530,1410,"Baterai AAA","active"
1531,1410,"Baterai C","active"
1532,1410,"Baterai D","active"
1533,1410,"Baterai Lainnya (Baterai Kancing, dll)","active"
1534,1458,"Kelas 1","active"
1535,1458,"Kelas 2","active"
1536,1458,"Kelas 3","active"
1537,1458,"Kelas 4","active"
1538,1458,"Kelas 5","active"
1539,1458,"Kelas 6","active"
1540,1459,"Kelas 7","active"
1541,1459,"Kelas 8","active"
1542,1459,"Kelas 9","active"
1543,1460,"Kelas 10","active"
1544,1460,"Kelas 11","active"
1545,1460,"Kelas 12","active"
1546,1461,"Kelas 1","active"
1547,1461,"Kelas 2","active"
1548,1461,"Kelas 3","active"
1549,1461,"Kelas 4","active"
1550,1461,"Kelas 5","active"
1551,1461,"Kelas 6","active"
1552,1462,"Kelas 7","active"
1553,1462,"Kelas 8","active"
1554,1462,"Kelas 9","active"
1555,1463,"Kelas 10","active"
1556,1463,"Kelas 11","active"
1557,1463,"Kelas 12","active"
1558,1464,"Kepribadian Anak Usia Dini","active"
1559,1465,"Kepribadian","active"
1560,1465,"Pengetahuan","active"
1561,1466,"Kepribadian","active"
1562,1466,"Pengetahuan","active"
1563,1467,"Kepribadian","active"
1564,1467,"Pengetahuan","active"
1565,1468,"Pengetahuan, Kepribadian, Dan Keterampilan","active"
1566,1469,"Pengetahuan, Kepribadian, Dan Keterampilan","active"
1567,1470,"Pengetahuan Dan Keterampilan","active"
1568,1471,"Pengetahuan Dan Keterampilan","active"
1569,1534,"Pendidikan Agama Buddha SD/MI 01","active"
1570,1534,"Pendidikan Agama Hindu SD/MI 01","active"
1571,1534,"Pendidikan Agama Islam SD/MI 01","active"
1572,1534,"Pendidikan Agama Katolik SD/MI 01","active"
1573,1534,"Pendidikan Agama Khonghucu SD/MI 01","active"
1574,1534,"Pendidikan Agama Kristen SD/MI 01","active"
1575,1534,"Tema 1 SD/MI 01","active"
1576,1534,"Tema 2 SD/MI 01","active"
1577,1534,"Tema 3 SD/MI 01","active"
1578,1534,"Tema 4 SD/MI 01","active"
1579,1534,"Tema 5 SD/MI 01","active"
1580,1534,"Tema 6 SD/MI 01","active"
1581,1534,"Tema 7 SD/MI 01","active"
1582,1534,"Tema 8 SD/MI 01","active"
1583,1535,"Pendidikan Agama Buddha SD/MI 02","active"
1584,1535,"Pendidikan Agama Hindu SD/MI 02","active"
1585,1535,"Pendidikan Agama Islam SD/MI 02","active"
1586,1535,"Pendidikan Agama Katolik SD/MI 02","active"
1587,1535,"Pendidikan Agama Khonghucu SD/MI 02","active"
1588,1535,"Pendidikan Agama Kristen SD/MI 02","active"
1589,1535,"Tema 1 SD/MI 02","active"
1590,1535,"Tema 2 SD/MI 02","active"
1591,1535,"Tema 3 SD/MI 02","active"
1592,1535,"Tema 4 SD/MI 02","active"
1593,1535,"Tema 5 SD/MI 02","active"
1594,1535,"Tema 6 SD/MI 02","active"
1595,1535,"Tema 7 SD/MI 02","active"
1596,1535,"Tema 8 SD/MI 02","active"
1597,1536,"Pendidikan Agama Budha SD/MI 03","active"
1598,1536,"Pendidikan Agama Hindu SD/MI 03","active"
1599,1536,"Pendidikan Agama Islam SD/MI 03","active"
1600,1536,"Pendidikan Agama Katolik SD/MI 03","active"
1601,1536,"Pendidikan Agama Khonghucu SD/MI 03","active"
1602,1536,"Pendidikan Agama Kristen SD/MI 03","active"
1603,1536,"Tema 1 SD/MI 03","active"
1604,1536,"Tema 2 SD/MI 03","active"
1605,1536,"Tema 3 SD/MI 03","active"
1606,1536,"Tema 4 SD/MI 03","active"
1607,1536,"Tema 5 SD/MI 03","active"
1608,1536,"Tema 6 SD/MI 03","active"
1609,1536,"Tema 7 SD/MI 03","active"
1610,1536,"Tema 8 SD/MI 03","active"
1611,1537,"Pendidikan Agama Buddha SD/MI 04","active"
1612,1537,"Pendidikan Agama Hindu SD/MI 04","active"
1613,1537,"Pendidikan Agama Islam SD/MI 04","active"
1614,1537,"Pendidikan Agama Katolik SD/MI 04","active"
1615,1537,"Pendidikan Agama Khonghucu SD/MI 04","active"
1616,1537,"Pendidikan Agama Kristen SD/MI 04","active"
1617,1537,"Tema 1 SD/MI 04","active"
1618,1537,"Tema 2 SD/MI 04","active"
1619,1537,"Tema 3 SD/MI 04","active"
1620,1537,"Tema 4 SD/MI 04","active"
1621,1537,"Tema 5 SD/MI 04","active"
1622,1537,"Tema 6 SD/MI 04","active"
1623,1537,"Tema 7 SD/MI 04","active"
1624,1537,"Tema 8 SD/MI 04","active"
1625,1537,"Tema 9 SD/MI 04","active"
1626,1538,"Pendidikan Agama Buddha SD/MI 05","active"
1627,1538,"Pendidikan Agama Hindu SD/MI 05","active"
1628,1538,"Pendidikan Agama Islam SD/MI 05","active"
1629,1538,"Pendidikan Agama Katolik SD/MI 05","active"
1630,1538,"Pendidikan Agama Khonghucu SD/MI 05","active"
1631,1538,"Pendidikan Agama Kristen SD/MI 05","active"
1632,1538,"Tema 1 SD/MI 05","active"
1633,1538,"Tema 2 SD/MI 05","active"
1634,1538,"Tema 3 SD/MI 05","active"
1635,1538,"Tema 4 SD/MI 05","active"
1636,1538,"Tema 5 SD/MI 05","active"
1637,1538,"Tema 6 SD/MI 05","active"
1638,1538,"Tema 7 SD/MI 05","active"
1639,1538,"Tema 8 SD/MI 05","active"
1640,1538,"Tema 9 SD/MI 05","active"
1641,1539,"Pendidikan Agama Budha SD/MI 06","active"
1642,1539,"Pendidikan Agama Hindu SD/MI 06","active"
1643,1539,"Pendidikan Agama Islam SD/MI 06","active"
1644,1539,"Pendidikan Agama Katolik SD/MI 06","active"
1645,1539,"Pendidikan Agama Khonghucu SD/MI 06","active"
1646,1539,"Pendidikan Agama Kristen SD/MI 06","active"
1647,1539,"Tema 1 SD/MI 06","active"
1648,1539,"Tema 2 SD/MI 06","active"
1649,1539,"Tema 3 SD/MI 06","active"
1650,1539,"Tema 4 SD/MI 06","active"
1651,1539,"Tema 5 SD/MI 06","active"
1652,1539,"Tema 6 SD/MI 06","active"
1653,1539,"Tema 7 SD/MI 06","active"
1654,1539,"Tema 8 SD/MI 06","active"
1655,1539,"Tema 9 SD/MI 06","active"
1656,1540,"Bahasa Indonesia SMP/MTs 07","active"
1657,1540,"Bahasa Inggris SMP/MTs 07","active"
1658,1540,"IPA SMP/MTs 07","active"
1659,1540,"IPS SMP/MTs 07","active"
1660,1540,"Matematika SMP/MTs 07","active"
1661,1540,"Pendidikan Agama Buddha SMP/MTs 07","active"
1662,1540,"Pendidikan Agama Hindu SMP/MTs 07","active"
1663,1540,"Pendidikan Agama Islam SD/MI 07","active"
1664,1540,"Pendidikan Agama Katolik SMP/MTs 07","active"
1665,1540,"Pendidikan Agama Khonghucu SMP/MTs 07","active"
1666,1540,"Pendidikan Agama Kristen SD/MI 07","active"
1667,1540,"Pendidikan Jasmani Olahraga dan Kesehatan SMP/MTs 07","active"
1668,1540,"Pendidikan Pancasila dan Kewarganegaraan SMP/MTs 07","active"
1669,1540,"Pendidikan Jasmani Olahraga dan Kesehatan SMA/MA 07","active"
1670,1540,"PPKn SMP/MTs 07","active"
1671,1540,"Prakarya SMP/MTs 07","active"
1672,1540,"Seni Budaya SMP/MTs 07","active"
1673,1541,"Bahasa Indonesia SMP/MTs 08","active"
1674,1541,"Bahasa Inggris SMP/MTs 08","active"
1675,1541,"IPA SMP/MTs 08","active"
1676,1541,"IPS SMP/MTs 08","active"
1677,1541,"Matematika SMP/MTs 08","active"
1678,1541,"Pendidikan Agama Buddha SMP/MTs 08","active"
1679,1541,"Pendidikan Agama Hindu SMP/MTs 08","active"
1680,1541,"Pendidikan Agama Islam SD/MI 08","active"
1681,1541,"Pendidikan Agama Katolik SMP/MTs 08","active"
1682,1541,"Pendidikan Agama Khonghucu SMP/MTs 08","active"
1683,1541,"Pendidikan Agama Kristen SD/MI 08","active"
1684,1541,"Pendidikan Jasmani Olahraga dan Kesehatan SMA/MA 08","active"
1685,1541,"PPKn SMA/MTs 08","active"
1686,1541,"Prakarya SMP/MTs 08","active"
1687,1541,"Seni Budaya SMP/MTs 08","active"
1688,1542,"Bahasa Indonesia SMP/MTs 09","active"
1689,1542,"Bahasa Inggris SMP/MTs 09","active"
1690,1542,"IPA SMP/MTs 09","active"
1691,1542,"IPS SMP/MTs 09","active"
1692,1542,"Matematika SMP/MTs 09","active"
1693,1542,"Pendidikan Agama Budha SMP/MTs 09","active"
1694,1542,"Pendidikan Agama Hindu SMP/MTs 09","active"
1695,1542,"Pendidikan Agama Islam SMP/MTs 09","active"
1696,1542,"Pendidikan Agama Katolik SMP/MTs 09","active"
1697,1542,"Pendidikan Agama Khonghucu SMP/MTs 09","active"
1698,1542,"Pendidikan Agama Kristen SMP/MTs 09","active"
1699,1542,"PJOK SMP/MTs 09","active"
1700,1542,"PPkn SMP/MTs 09","active"
1701,1542,"Prakarya SMP/MTs 09","active"
1702,1542,"Seni Budaya SMP/MTs 09","active"
1703,1543,"Bahasa Indonesia SMA/MA 10","active"
1704,1543,"Bahasa Inggris SMA/MA 10","active"
1705,1543,"Matematika SMA/MA 10","active"
1706,1543,"Pendidikan Agama Buddha SMA/MA 10","active"
1707,1543,"Pendidikan Agama Hindu SMA/MA 10","active"
1708,1543,"Pendidikan Agama Islam SMA/MA 10","active"
1709,1543,"Pendidikan Agama Katolik SMA/MA 10","active"
1710,1543,"Pendidikan Agama Khonghucu SD/MI 10","active"
1711,1543,"Pendidikan Agama Kristen SMA/MA 10","active"
1712,1543,"Pendidikan Jasmani Olahraga dan Kesehatan SMA/MA 10","active"
1713,1543,"Pendidikan Pancasila dan Kewarganegaraan SMA/MA 10","active"
1714,1543,"PPKn SMA/MA 10","active"
1715,1543,"Prakarya SMA/MA 10","active"
1716,1543,"Sejarah Indonesia SMA/MA 10","active"
1717,1543,"Seni Budaya SMA/MA 10","active"
1718,1544,"Bahasa Indonesia SMA/MA 11","active"
1719,1544,"Bahasa Inggris SMA/MA 11","active"
1720,1544,"Matematika SMA/MA 11","active"
1721,1544,"Pendidikan Agama Buddha SMA/MA 11","active"
1722,1544,"Pendidikan Agama Hindu SMA/MA 11","active"
1723,1544,"Pendidikan Agama Kristen SMA/MA 11","active"
1724,1544,"Pendidikan Agama Katolik SMA/MA 11","active"
1725,1544,"Pendidikan Agama Khonghucu SD/MI 11","active"
1726,1544,"Pendidikan Jasmani Olahraga dan Kesehatan SMA/MA 11","active"
1727,1544,"PPKn SMA/MA 11","active"
1728,1544,"Prakarya SMA/MA 11","active"
1729,1544,"Sejarah Indonesia SMA/MA 11","active"
1730,1544,"Seni Budaya SMA/MA 11","active"
1731,1545,"Bahasa Indonesia SMA/MA 12","active"
1732,1545,"Bahasa Inggris SMA/MA 12","active"
1733,1545,"Matematika SMA/MA 12","active"
1734,1545,"Pendidikan Agama Budha SMA/MA 12","active"
1735,1545,"Pendidikan Agama Hindu SMA/MA 12","active"
1736,1545,"Pendidikan Agama Islam SMA/MA 12","active"
1737,1545,"Pendidikan Agama Katolik SMA/MA 12","active"
1738,1545,"Pendidikan Agama Khonghucu SMA/MA 12","active"
1739,1545,"Pendidikan Agama Kristen SMA/MA 12","active"
1740,1545,"PJOK SMA/MA 12","active"
1741,1545,"PPkn SMA/MA 12","active"
1742,1545,"Prakarya SMA/MA 12","active"
1743,1545,"Sejarah SMA/MA 12","active"
1744,1545,"Seni Budaya SMA/MA 12","active"
1745,1537,"Pendidikan Jasmani Olahraga dan Kesehatan SD/MI 04","active"
1746,1538,"Pendidikan Jasmani Olahraga dan Kesehatan SD/MI 05","active"
1747,1539,"Pendidikan Jasmani Olahraga dan Kesehatan SD/MI 06","active"
1748,1537,"Matematika SD/MI 04","active"
1749,1538,"Matematika SD/MI 05","active"
1750,1539,"Matematika SD/MI 06","active"
1751,1546,"Pendidikan Agama Buddha SD/MI 01","active"
1752,1546,"Pendidikan Agama Hindu SD/MI 01","active"
1753,1546,"Pendidikan Agama Islam SD/MI 01","active"
1754,1546,"Pendidikan Agama Katolik SD/MI 01","active"
1755,1546,"Pendidikan Agama Khonghucu SD/MI 01","active"
1756,1546,"Pendidikan Agama Kristen SD/MI 01","active"
1757,1546,"Tema 1 SD/MI 01","active"
1758,1546,"Tema 2 SD/MI 01","active"
1759,1546,"Tema 3 SD/MI 01","active"
1760,1546,"Tema 4 SD/MI 01","active"
1761,1546,"Tema 5 SD/MI 01","active"
1762,1546,"Tema 6 SD/MI 01","active"
1763,1546,"Tema 7 SD/MI 01","active"
1764,1546,"Tema 8 SD/MI 01","active"
1765,1547,"Pendidikan Agama Buddha SD/MI 02","active"
1766,1547,"Pendidikan Agama Hindu SD/MI 02","active"
1767,1547,"Pendidikan Agama Islam SD/MI 02","active"
1768,1547,"Pendidikan Agama Katolik SD/MI 02","active"
1769,1547,"Pendidikan Agama Khonghucu SD/MI 02","active"
1770,1547,"Pendidikan Agama Kristen SD/MI 02","active"
1771,1547,"Tema 1 SD/MI 02","active"
1772,1547,"Tema 2 SD/MI 02","active"
1773,1547,"Tema 3 SD/MI 02","active"
1774,1547,"Tema 4 SD/MI 02","active"
1775,1547,"Tema 5 SD/MI 02","active"
1776,1547,"Tema 6 SD/MI 02","active"
1777,1547,"Tema 7 SD/MI 02","active"
1778,1547,"Tema 8 SD/MI 02","active"
1779,1548,"Pendidikan Agama Budha SD/MI 03","active"
1780,1548,"Pendidikan Agama Hindu SD/MI 03","active"
1781,1548,"Pendidikan Agama Islam SD/MI 03","active"
1782,1548,"Pendidikan Agama Katolik SD/MI 03","active"
1783,1548,"Pendidikan Agama Khonghucu SD/MI 03","active"
1784,1548,"Pendidikan Agama Kristen SD/MI 03","active"
1785,1548,"Tema 1 SD/MI 03","active"
1786,1548,"Tema 2 SD/MI 03","active"
1787,1548,"Tema 3 SD/MI 03","active"
1788,1548,"Tema 4 SD/MI 03","active"
1789,1548,"Tema 5 SD/MI 03","active"
1790,1548,"Tema 6 SD/MI 03","active"
1791,1548,"Tema 7 SD/MI 03","active"
1792,1548,"Tema 8 SD/MI 03","active"
1793,1549,"Pendidikan Agama Buddha SD/MI 04","active"
1794,1549,"Pendidikan Agama Hindu SD/MI 04","active"
1795,1549,"Pendidikan Agama Islam SD/MI 04","active"
1796,1549,"Pendidikan Agama Katolik SD/MI 04","active"
1797,1549,"Pendidikan Agama Khonghucu SD/MI 04","active"
1798,1549,"Pendidikan Agama Kristen SD/MI 04","active"
1799,1549,"Tema 1 SD/MI 04","active"
1800,1549,"Tema 2 SD/MI 04","active"
1801,1549,"Tema 3 SD/MI 04","active"
1802,1549,"Tema 4 SD/MI 04","active"
1803,1549,"Tema 5 SD/MI 04","active"
1804,1549,"Tema 6 SD/MI 04","active"
1805,1549,"Tema 7 SD/MI 04","active"
1806,1549,"Tema 8 SD/MI 04","active"
1807,1549,"Tema 9 SD/MI 04","active"
1808,1550,"Pendidikan Agama Buddha SD/MI 05","active"
1809,1550,"Pendidikan Agama Hindu SD/MI 05","active"
1810,1550,"Pendidikan Agama Islam SD/MI 05","active"
1811,1550,"Pendidikan Agama Katolik SD/MI 05","active"
1812,1550,"Pendidikan Agama Khonghucu SD/MI 05","active"
1813,1550,"Pendidikan Agama Kristen SD/MI 05","active"
1814,1550,"Tema 1 SD/MI 05","active"
1815,1550,"Tema 2 SD/MI 05","active"
1816,1550,"Tema 3 SD/MI 05","active"
1817,1550,"Tema 4 SD/MI 05","active"
1818,1550,"Tema 5 SD/MI 05","active"
1819,1550,"Tema 6 SD/MI 05","active"
1820,1550,"Tema 7 SD/MI 05","active"
1821,1550,"Tema 8 SD/MI 05","active"
1822,1550,"Tema 9 SD/MI 05","active"
1823,1551,"Pendidikan Agama Budha SD/MI 06","active"
1824,1551,"Pendidikan Agama Hindu SD/MI 06","active"
1825,1551,"Pendidikan Agama Islam SD/MI 06","active"
1826,1551,"Pendidikan Agama Katolik SD/MI 06","active"
1827,1551,"Pendidikan Agama Khonghucu SD/MI 06","active"
1828,1551,"Pendidikan Agama Kristen SD/MI 06","active"
1829,1551,"Tema 1 SD/MI 06","active"
1830,1551,"Tema 2 SD/MI 06","active"
1831,1551,"Tema 3 SD/MI 06","active"
1832,1551,"Tema 4 SD/MI 06","active"
1833,1551,"Tema 5 SD/MI 06","active"
1834,1551,"Tema 6 SD/MI 06","active"
1835,1551,"Tema 7 SD/MI 06","active"
1836,1551,"Tema 8 SD/MI 06","active"
1837,1551,"Tema 9 SD/MI 06","active"
1838,1552,"Bahasa Indonesia SMP/MTs 07","active"
1839,1552,"Bahasa Inggris SMP/MTs 07","active"
1840,1552,"IPA SMP/MTs 07","active"
1841,1552,"IPS SMP/MTs 07","active"
1842,1552,"Matematika SMP/MTs 07","active"
1843,1552,"Pendidikan Agama Buddha SMP/MTs 07","active"
1844,1552,"Pendidikan Agama Hindu SMP/MTs 07","active"
1845,1552,"Pendidikan Agama Islam SMP/MTs 07","active"
1846,1552,"Pendidikan Agama Katolik SMP/MTs 07","active"
1847,1552,"Pendidikan Agama Khonghucu SMP/MTs 07","active"
1848,1552,"Pendidikan Agama Kristen SMP/MTs 07","active"
1849,1552,"Pendidikan Jasmani Olahraga dan Kesehatan SMP/MTs 07","active"
1850,1552,"Pendidikan Pancasila dan Kewarganegaraan SMP/MTs 07","active"
1851,1552,"Pendidikan Jasmani Olahraga dan Kesehatan SMA/MA 07","active"
1852,1552,"PPKn SMP/MTs 07","active"
1853,1552,"Prakarya SMP/MTs 07","active"
1854,1552,"Seni Budaya SMP/MTs 07","active"
1855,1553,"Bahasa Indonesia SMP/MTs 08","active"
1856,1553,"Bahasa Inggris SMP/MTs 08","active"
1857,1553,"IPA SMP/MTs 08","active"
1858,1553,"IPS SMP/MTs 08","active"
1859,1553,"Matematika SMP/MTs 08","active"
1860,1553,"Pendidikan Agama Buddha SMP/MTs 08","active"
1861,1553,"Pendidikan Agama Hindu SMP/MTs 08","active"
1862,1553,"Pendidikan Agama Islam SD/MI 08","active"
1863,1553,"Pendidikan Agama Katolik SMP/MTs 08","active"
1864,1553,"Pendidikan Agama Khonghucu SMP/MTs 08","active"
1865,1553,"Pendidikan Agama Kristen SD/MI 08","active"
1866,1553,"Pendidikan Jasmani Olahraga dan Kesehatan SMA/MA 08","active"
1867,1553,"PPKn SMA/MTs 08","active"
1868,1553,"Prakarya SMP/MTs 08","active"
1869,1553,"Seni Budaya SMP/MTs 08","active"
1870,1554,"Bahasa Indonesia SMP/MTs 09","active"
1871,1554,"Bahasa Inggris SMP/MTs 09","active"
1872,1554,"IPA SMP/MTs 09","active"
1873,1554,"IPS SMP/MTs 09","active"
1874,1554,"Matematika SMP/MTs 09","active"
1875,1554,"Pendidikan Agama Budha SMP/MTs 09","active"
1876,1554,"Pendidikan Agama Hindu SMP/MTs 09","active"
1877,1554,"Pendidikan Agama Islam SMP/MTs 09","active"
1878,1554,"Pendidikan Agama Katolik SMP/MTs 09","active"
1879,1554,"Pendidikan Agama Khonghucu SMP/MTs 09","active"
1880,1554,"Pendidikan Agama Kristen SMP/MTs 09","active"
1881,1554,"PJOK SMP/MTs 09","active"
1882,1554,"PPkn SMP/MTs 09","active"
1883,1554,"Prakarya SMP/MTs 09","active"
1884,1554,"Seni Budaya SMP/MTs 09","active"
1885,1555,"Bahasa Indonesia SMA/MA 10","active"
1886,1555,"Bahasa Inggris SMA/MA 10","active"
1887,1555,"Matematika SMA/MA 10","active"
1888,1555,"Pendidikan Agama Buddha SMA/MA 10","active"
1889,1555,"Pendidikan Agama Hindu SMA/MA 10","active"
1890,1555,"Pendidikan Agama Islam SMA/MA 10","active"
1891,1555,"Pendidikan Agama Katolik SMA/MA 10","active"
1892,1555,"Pendidikan Agama Khonghucu SD/MI 10","active"
1893,1555,"Pendidikan Agama Kristen SMA/MA 10","active"
1894,1555,"Pendidikan Jasmani Olahraga dan Kesehatan SMA/MA 10","active"
1895,1555,"Pendidikan Pancasila dan Kewarganegaraan SMA/MA 10","active"
1896,1555,"PPKn SMA/MA 10","active"
1897,1555,"Prakarya SMA/MA 10","active"
1898,1555,"Sejarah Indonesia SMA/MA 10","active"
1899,1555,"Seni Budaya SMA/MA 10","active"
1900,1556,"Bahasa Indonesia SMA/MA 11","active"
1901,1556,"Bahasa Inggris SMA/MA 11","active"
1902,1556,"Matematika SMA/MA 11","active"
1903,1556,"Pendidikan Agama Buddha SMA/MA 11","active"
1904,1556,"Pendidikan Agama Hindu SMA/MA 11","active"
1905,1556,"Pendidikan Agama Kristen SMA/MA 11","active"
1906,1556,"Pendidikan Agama Katolik SMA/MA 11","active"
1907,1556,"Pendidikan Agama Khonghucu SD/MI 11","active"
1908,1556,"Pendidikan Jasmani Olahraga dan Kesehatan SMA/MA 11","active"
1909,1556,"PPKn SMA/MA 11","active"
1910,1556,"Prakarya SMA/MA 11","active"
1911,1556,"Sejarah Indonesia SMA/MA 11","active"
1912,1556,"Seni Budaya SMA/MA 11","active"
1913,1557,"Bahasa Indonesia SMA/MA 12","active"
1914,1557,"Bahasa Inggris SMA/MA 12","active"
1915,1557,"Matematika SMA/MA 12","active"
1916,1557,"Pendidikan Agama Budha SMA/MA 12","active"
1917,1557,"Pendidikan Agama Hindu SMA/MA 12","active"
1918,1557,"Pendidikan Agama Islam SMA/MA 12","active"
1919,1557,"Pendidikan Agama Katolik SMA/MA 12","active"
1920,1557,"Pendidikan Agama Khonghucu SMA/MA 12","active"
1921,1557,"Pendidikan Agama Kristen SMA/MA 12","active"
1922,1557,"PJOK SMA/MA 12","active"
1923,1557,"PPkn SMA/MA 12","active"
1924,1557,"Prakarya SMA/MA 12","active"
1925,1557,"Sejarah SMA/MA 12","active"
1926,1557,"Seni Budaya SMA/MA 12","active"
1927,1549,"Pendidikan Jasmani Olahraga dan Kesehatan SD/MI 04","active"
1928,1550,"Pendidikan Jasmani Olahraga dan Kesehatan SD/MI 05","active"
1929,1551,"Pendidikan Jasmani Olahraga dan Kesehatan SD/MI 06","active"
1930,1549,"Matematika SD/MI 04","active"
1931,1550,"Matematika SD/MI 05","active"
1932,1551,"Matematika SD/MI 06","active"
1933,205,"Jenjang PAUD","active"
1934,1933,"Kelas PAUD","active"
1935,1934,"Panduan Guru PAUD","active"
1936,1534,"Pendidikan Pancasila dan Kewarganegaraan SD/MI 01","active"
1937,1546,"Pendidikan Pancasila dan Kewarganegaraan SD/MI 01","active"
1938,1534,"Bahasa Indonesia SD/MI 01","active"
1939,1546,"Bahasa Indonesia SD/MI 01","active"
1940,1534,"Bahasa Inggris SD/MI 01","active"
1941,1546,"Bahasa Inggris SD/MI 01","active"
1942,1534,"Matematika SD/MI 01","active"
1943,1546,"Matematika SD/MI 01","active"
1944,1546,"Seni Budaya SD/MI 01","active"
1945,1546,"PJOK SD/MI 01","active"
1946,1535,"Pendidikan Pancasila dan Kewarganegaraan SD/MI 02","active"
1947,1547,"Pendidikan Pancasila dan Kewarganegaraan SD/MI 02","active"
1948,1535,"Bahasa Indonesia SD/MI 02","active"
1949,1547,"Bahasa Indonesia SD/MI 02","active"
1950,1547,"Seni Budaya SD/MI 02","active"
1951,1535,"Matematika SD/MI 02","active"
1952,1547,"Matematika SD/MI 02","active"
1953,1535,"Bahasa Inggris SD/MI 02","active"
1954,1547,"Bahasa Inggris SD/MI 02","active"
1955,1547,"PJOK SD/MI 02","active"
1956,1537,"Pendidikan Pancasila dan Kewarganegaraan SD/MI 04","active"
1957,1549,"Pendidikan Pancasila dan Kewarganegaraan SD/MI 04","active"
1958,1537,"Bahasa Indonesia SD/MI 04","active"
1959,1549,"Bahasa Indonesia SD/MI 04","active"
1960,1549,"Seni Budaya SD/MI 04","active"
1961,1537,"IPAS SD/MI 04","active"
1962,1549,"IPAS SD/MI 04","active"
1963,1537,"Bahasa Inggris SD/MI 04","active"
1964,1549,"Bahasa Inggris SD/MI 04","active"
1965,1549,"PJOK SD/MI 04","active"
1966,1538,"Pendidikan Pancasila dan Kewarganegaraan SD/MI 05","active"
1967,1550,"Pendidikan Pancasila dan Kewarganegaraan SD/MI 05","active"
1968,1538,"Bahasa Indonesia SD/MI 05","active"
1969,1550,"Bahasa Indonesia SD/MI 05","active"
1970,1550,"Seni Budaya SD/MI 05","active"
1971,1538,"IPAS SD/MI 05","active"
1972,1550,"IPAS SD/MI 05","active"
1973,1538,"Bahasa Inggris SD/MI 05","active"
1974,1550,"Bahasa Inggris SD/MI 05","active"
1975,1550,"PJOK SD/MI 05","active"
1976,1540,"Pendidikan Agama Islam SMP/MTs 07","active"
1977,1552,"Pendidikan Agama Islam SMP/MTs 07","inactive"
1978,1540,"Pendidikan Agama Kristen SMP/MTs 07","active"
1979,1552,"Pendidikan Agama Kristen SMP/MTs 07","inactive"
1980,1552,"PJOK SMP/MTs 07","active"
1981,1540,"Informatika SMP/MTs 07","active"
1982,1552,"Informatika SMP/MTs 07","active"
1983,1541,"Pendidikan Agama Islam SMP/MTs 08","active"
1984,1553,"Pendidikan Agama Islam SMP/MTs 08","active"
1985,1541,"Pendidikan Agama Kristen SMP/MTs 08","active"
1986,1553,"Pendidikan Agama Kristen SMP/MTs 08","active"
1987,1541,"Pendidikan Pancasila dan Kewarganegaraan SMP/MTs 08","active"
1988,1553,"Pendidikan Pancasila dan Kewarganegaraan SMP/MTs 08","active"
1989,1553,"PJOK SMP/MTs 08","active"
1990,1541,"Informatika SMP/MTs 08","active"
1991,1553,"Informatika SMP/MTs 08","active"
1992,1543,"Pendidikan Agama Khonghucu SMA/MA 10","active"
1993,1555,"Pendidikan Agama Khonghucu SMA/MA 10","active"
1994,1555,"PJOK SMA/MA 10","active"
1995,1543,"IPA SMA/MA 10","active"
1996,1555,"IPA SMA/MA 10","active"
1997,1543,"IPS SMA/MA 10","active"
1998,1555,"IPS SMA/MA 10","active"
1999,1543,"Informatika SMA/MA 10","active"
2000,1555,"Informatika SMA/MA 10","active"
2001,1544,"Pendidikan Agama Islam SMA/MA 11","active"
2002,1556,"Pendidikan Agama Islam SMA/MA 11","active"
2003,1544,"Pendidikan Agama Khonghucu SMA/MA 11","active"
2004,1556,"Pendidikan Agama Khonghucu SMA/MA 11","active"
2005,1544,"Pendidikan Pancasila dan Kewarganegaraan SMA/MA 11","active"
2006,1556,"Pendidikan Pancasila dan Kewarganegaraan SMA/MA 11","active"
2007,1544,"IPA SMA/MA 11","active"
2008,1556,"IPA SMA/MA 11","active"
2009,1544,"IPS SMA/MA 11","active"
2010,1556,"IPS SMA/MA 11","active"
2011,1544,"Informatika SMA/MA 11","active"
2012,1556,"Informatika SMA/MA 11","active"
2013,1556,"PJOK SMA/MA 11","active"
2014,1534,"Pendidikan Kepercayaan Terhadap Tuhan Yang Maha Esa dan Budi Pekerti SD/MI 01","active"
2015,1546,"Pendidikan Kepercayaan Terhadap Tuhan Yang Maha Esa dan Budi Pekerti SD/MI 01","active"
2016,1535,"Pendidikan Kepercayaan Terhadap Tuhan Yang Maha Esa dan Budi Pekerti SD/MI 02","active"
2017,1547,"Pendidikan Kepercayaan Terhadap Tuhan Yang Maha Esa dan Budi Pekerti SD/MI 02","active"
2018,1537,"Pendidikan Kepercayaan Terhadap Tuhan Yang Maha Esa dan Budi Pekerti SD/MI 04","active"
2019,1549,"Pendidikan Kepercayaan Terhadap Tuhan Yang Maha Esa dan Budi Pekerti SD/MI 04","active"
2020,1538,"Pendidikan Kepercayaan Terhadap Tuhan Yang Maha Esa dan Budi Pekerti SD/MI 05","active"
2021,1550,"Pendidikan Kepercayaan Terhadap Tuhan Yang Maha Esa dan Budi Pekerti SD/MI 05","active"
2022,1540,"Pendidikan Kepercayaan Terhadap Tuhan Yang Maha Esa dan Budi Pekerti SMP/MTs 07","active"
2023,1552,"Pendidikan Kepercayaan Terhadap Tuhan Yang Maha Esa dan Budi Pekerti SMP/MTs 07","active"
2024,1541,"Pendidikan Kepercayaan Terhadap Tuhan Yang Maha Esa dan Budi Pekerti SMP/MTs 08","active"
2025,1553,"Pendidikan Kepercayaan Terhadap Tuhan Yang Maha Esa dan Budi Pekerti SMP/MTs 08","active"
2026,1543,"Pendidikan Kepercayaan Terhadap Tuhan Yang Maha Esa dan Budi Pekerti SMA/MA 10","active"
2027,1555,"Pendidikan Kepercayaan Terhadap Tuhan Yang Maha Esa dan Budi Pekerti SMA/MA 10","active"
2028,1544,"Pendidikan Kepercayaan Terhadap Tuhan Yang Maha Esa dan Budi Pekerti SMA/MA 11","active"
2029,1556,"Pendidikan Kepercayaan Terhadap Tuhan Yang Maha Esa dan Budi Pekerti SMA/MA 11","active"
2030,204,"Jenjang SMA/SMK","active"
2031,205,"Jenjang SMA/SMK","active"
2032,204,"Jenjang SMK/MAK","active"
2033,205,"Jenjang SMK/MAK","active"
2034,2030,"Kelas 10","active"
2035,2031,"Kelas 10","active"
2036,2030,"Kelas 11","active"
2037,2031,"Kelas 11","active"
2038,2032,"Kelas 10","active"
2039,2033,"Kelas 10","active"
2040,2034,"Pendidikan Agama Islam SMA/SMK 10","active"
2041,2035,"Pendidikan Agama Islam SMA/SMK 10","active"
2042,2034,"Pendidikan Agama Kristen SMA/SMK 10","active"
2043,2035,"Pendidikan Agama Kristen SMA/SMK 10","active"
2044,2034,"Pendidikan Agama Katolik SMA/SMK 10","active"
2045,2035,"Pendidikan Agama Katolik SMA/SMK 10","active"
2046,2034,"Pendidikan Agama Hindu SMA/SMK 10","active"
2047,2035,"Pendidikan Agama Hindu SMA/SMK 10","active"
2048,2034,"Pendidikan Agama Buddha SMA/SMK 10","active"
2049,2035,"Pendidikan Agama Buddha SMA/SMK 10","active"
2050,2034,"Pendidikan Agama Khonghucu SMA/SMK 10","active"
2051,2035,"Pendidikan Agama Khonghucu SMA/SMK 10","active"
2052,2034,"Pendidikan Kepercayaan Terhadap Tuhan Yang Maha Esa dan Budi Pekerti SMA/SMK 10","active"
2053,2035,"Pendidikan Kepercayaan Terhadap Tuhan Yang Maha Esa dan Budi Pekerti SMA/SMK 10","active"
2054,2034,"Pendidikan Pancasila dan Kewarganegaraan SMA/SMK 10","active"
2055,2035,"Pendidikan Pancasila dan Kewarganegaraan SMA/SMK 10","active"
2056,2034,"Bahasa Indonesia SMA/SMK 10","active"
2057,2035,"Bahasa Indonesia SMA/SMK 10","active"
2058,2034,"Matematika SMA/SMK 10","active"
2059,2035,"Matematika SMA/SMK 10","active"
2060,2035,"Seni Budaya SMA/SMK 10","active"
2061,2035,"PJOK SMA/SMK 10","active"
2062,2036,"Pendidikan Agama Islam SMA/SMK 11","active"
2063,2037,"Pendidikan Agama Islam SMA/SMK 11","active"
2064,2036,"Pendidikan Agama Kristen SMA/SMK 11","active"
2065,2037,"Pendidikan Agama Kristen SMA/SMK 11","active"
2066,2036,"Pendidikan Agama Katolik SMA/SMK 11","active"
2067,2037,"Pendidikan Agama Katolik SMA/SMK 11","active"
2068,2036,"Pendidikan Agama Hindu SMA/SMK 11","active"
2069,2037,"Pendidikan Agama Hindu SMA/SMK 11","active"
2070,2036,"Pendidikan Agama Buddha SMA/SMK 11","active"
2071,2037,"Pendidikan Agama Buddha SMA/SMK 11","active"
2072,2036,"Pendidikan Agama Khonghucu SMA/SMK 11","active"
2073,2037,"Pendidikan Agama Khonghucu SMA/SMK 11","active"
2074,2036,"Pendidikan Kepercayaan Terhadap Tuhan Yang Maha Esa dan Budi Pekerti SMA/SMK 11","active"
2075,2037,"Pendidikan Kepercayaan Terhadap Tuhan Yang Maha Esa dan Budi Pekerti SMA/SMK 11","active"
2076,2036,"Pendidikan Pancasila dan Kewarganegaraan SMA/SMK 11","active"
2077,2037,"Pendidikan Pancasila dan Kewarganegaraan SMA/SMK 11","active"
2078,2036,"Bahasa Indonesia SMA/SMK 11","active"
2079,2037,"Bahasa Indonesia SMA/SMK 11","active"
2080,2036,"Matematika SMA/SMK 11","active"
2081,2037,"Matematika SMA/SMK 11","active"
2082,2038,"Sejarah Indonesia SMK/MAK 10","active"
2083,2039,"Sejarah Indonesia SMK/MAK 10","active"
2084,206,"Jenjang SD/MI","active"
2085,206,"Jenjang SMK/MAK","active"
2086,206,"Jenjang SMA/SMK","active"
2087,206,"Jenjang SMP/MTs","active"
2088,206,"Jenjang SMA/MA","active"
2089,207,"Jenjang SD/MI","active"
2090,207,"Jenjang SMK/MAK","active"
2091,207,"Jenjang SMA/SMK","active"
2092,207,"Jenjang SMP/MTs","active"
2093,207,"Jenjang SMA/MA","active"
2094,208,"Jenjang SD/MI","active"
2095,208,"Jenjang SMK/MAK","active"
2096,208,"Jenjang SMA/SMK","active"
2097,208,"Jenjang SMP/MTs","active"
2098,208,"Jenjang SMA/MA","active"
2099,1546,"PJOK SD/MI 01","active"
2100,1547,"PJOK SD/MI 02","active"
2101,1549,"PJOK SD/MI 04","active"
2102,1550,"PJOK SD/MI 05","active"
2103,205,"Semua Jenjang","active"
2104,2103,"Semua Kelas","active"
2105,2104,"Pendidikan Khusus","active"
2106,2034,"Bahasa Inggris SMA/SMK 10","active"
2107,2035,"Bahasa Inggris SMA/SMK 10","active"
2108,1544,"Biologi SMA/MA 11","active"
2109,1544,"Fisika SMA/MA 11","active"
2110,1544,"Kimia SMA/MA 11","active"
2111,1556,"Biologi SMA/MA 12","active"
2112,1556,"Fisika SMA/MA 11","active"
2113,1556,"Kimia SMA/MA 11","active"
2114,2038,"Agriteknologi Pengolahan Hasil Pertanian SMK/MAK 10","active"
2115,2038,"Desain Komunikasi Visual SMK/MAK 10","active"
2116,2038,"Teknik Elektronika SMK/MAK 10","active"
2117,2038,"Teknik Furnitur SMK/MAK 10","active"
2118,2038,"Teknik Geologi SMK/MAK 10","active"
2119,2038,"Teknik Geospasial SMK/MAK 10","active"
2120,2038,"Teknik Ketenagalistrikan SMK/MAK 10","active"
2121,2038,"Teknik Kontruksi Kapal SMK/MAK 10","active"
2122,2038,"Layanan Kesehatan SMK/MAK 10","active"
2123,2038,"Manajemen Perkantoran Dan Layanan Bisnis SMK/MAK 10","active"
2124,2038,"Teknik Otomotif SMK/MAK 10","active"
2125,2038,"Usaha Layanan Pariwisata SMK/MAK 10","active"
2126,2038,"Teknik Pesawat Udara SMK/MAK 10","active"
2127,2039,"Agriteknologi Pengolahan Hasil Pertanian SMK/MAK 10","active"
2128,2039,"Desain Komunikasi Visual SMK/MAK 10","active"
2129,2039,"Teknik Elektronika SMK/MAK 10","active"
2130,2039,"Teknik Furnitur SMK/MAK 10","active"
2131,2039,"Teknik Geologi SMK/MAK 10","active"
2132,2039,"Teknik Geospasial SMK/MAK 10","active"
2133,2039,"Teknik Ketenagalistrikan SMK/MAK 10","active"
2134,2039,"Teknik Kontruksi Kapal SMK/MAK 10","active"
2135,2039,"Layanan Kesehatan SMK/MAK 10","active"
2136,2039,"Manajemen Perkantoran Dan Layanan Bisnis SMK/MAK 10","active"
2137,2039,"Teknik Otomotif SMK/MAK 10","active"
2138,2039,"Usaha Layanan Pariwisata SMK/MAK 10","active"
2139,2039,"Teknik Pesawat Udara SMK/MAK 10","active"
2140,2039,"Kuliner SMK/MAK 10","active"
2141,2038,"Kuliner SMK/MAK 10","active"
2142,2039,"Seni Rupa SMK/MAK 10","active"
2143,2038,"Seni Rupa SMK/MAK 10","active"
2144,2039,"Informatika SMK/MAK 10","active"
2145,2038,"Informatika SMK/MAK 10","active"
2146,1534,"Seni Rupa SD/MI 01","active"
2147,1535,"Seni Rupa SD/MI 02","active"
2148,1537,"Seni Rupa SD/MI 04","active"
2149,1538,"Seni Rupa SD/MI 05","active"
2150,1540,"Seni Rupa SMP/MTs 07","active"
2151,1541,"Seni Rupa SMP/MTs 08","active"
2152,2034,"Seni Rupa SMA/SMK 10","active"
2153,2036,"Seni Rupa SMA/SMK 11","active"
2154,1546,"Seni Rupa SD/MI 01","active"
2155,1547,"Seni Rupa SD/MI 02","active"
2156,1549,"Seni Rupa SD/MI 04","active"
2157,1550,"Seni Rupa SD/MI 05","active"
2158,1552,"Seni Rupa SMP/MTs 07","active"
2159,1553,"Seni Rupa SMP/MTs 08","active"
2160,2035,"Seni Rupa SMA/SMK 10","active"
2161,2037,"Seni Rupa SMA/SMK 11","active"
2162,1544,"Seni Rupa SMA/MA 11","active"
2163,1556,"Seni Rupa SMA/MA 11","active"
2164,206,"Jenjang SMP/MTs - SMA/MA","active"
2165,206,"Jenjang SD/MI - SMP/MTs","active"
2166,206,"Jenjang SD/MI - SMP/MTs - SMA/MA","active"
2167,206,"Jenjang PAUD - SD/MI","active"
2168,207,"Jenjang SMP/MTs - SMA/MA","active"
2169,207,"Jenjang SD/MI - SMP/MTs","active"
2170,207,"Jenjang SD/MI - SMP/MTs - SMA/MA","active"
2171,207,"Jenjang PAUD - SD/MI","active"
2172,208,"Jenjang SMP/MTs - SMA/MA","active"
2173,208,"Jenjang SD/MI - SMP/MTs","active"
2174,208,"Jenjang SD/MI -SMP/MTs - SMA/MA","active"
2175,208,"Jenjang PAUD - SD/MI","active"
2176,206,"Jenjang SMA/MA - SMK/MAK","active"
2177,206,"Jenjang SD/MI - SMP/MTs - SMA/MA - SMK/MAK","active"
2178,206,"Jenjang SMP/MTs - SMA/MA - SMK/MAK","active"
2179,206,"Jenjang PAUD - SD/MI - SMP/MTs","active"
2180,206,"Semua Jenjang","active"
2181,1536,"Bahasa Indonesia SD/MI 03","active"
2182,1536,"Bahasa Inggris SD/MI 03","active"
2183,1536,"IPAS SD/MI 03","active"
2185,1536,"Matematika SD/MI 03","active"
2186,1536,"Pendidikan Jasmani Olahraga dan Kesehatan SD 03","active"
2187,1536,"Pendidikan Kepercayaan Terhadap Tuhan Yang Maha Esa dan Budi Pekerti SD/MI 03","active"
2188,1536,"Pendidikan Pancasila dan Kewarganegaraan SD/MI 03","active"
2189,1536,"Seni Budaya SD/MI 03","active"
2190,1539,"Bahasa Indonesia SD/MI 06","active"
2191,1539,"Bahasa Inggris SD/MI 06","active"
2192,1539,"IPAS SD/MI 06","active"
2193,1539,"Pendidikan Kepercayaan Terhadap Tuhan Yang Maha Esa dan Budi Pekerti SD/MI 06","active"
2194,1539,"Pendidikan Pancasila dan Kewarganegaraan SD/MI 06","active"
2195,1539,"Seni Budaya SD/MI 06","active"
2196,1542,"Informatika SMP/MTs 09","active"
2197,1542,"Pendidikan Kepercayaan Terhadap Tuhan Yang Maha Esa dan Budi Pekerti SMP/MTs 09","active"
2198,1542,"Seni Budaya SMP/MTs 09","active"
2199,1542,"Seni Rupa SMP/MTs 09","active"
2200,1542,"Seni Tari SMP/MTs 09","active"
2201,1542,"Seni Teater SMP/MTs 09","active"
2202,1545,"IPS SMA/MA 12","active"
2203,1545,"IPA SMA/MA 12","active"
2204,1545,"Ekonomi SMA/MA 12","active"
2205,1545,"Fisika SMA/MA 12","active"
2206,1545,"Geografi SMA/MA 12","active"
2207,1545,"Informatika SMA/MA 12","active"
2208,1545,"Kimia SMA/MA 12","active"
2209,1545,"Sosiologi SMA/MA 12","active"
2210,204,"Jenjang SMA/MA - SMK/MAK","active"
2211,2210,"Kelas 12","active"
2212,2211,"Bahasa Indonesia SMA/MA - SMK/MAK 12","active"
2213,2211,"Matematika SMA/MA - SMK/MAK 12","active"
2214,2211,"Pendidikan Agama Buddha SMA/MA - SMK/MAK 12","active"
2215,2211,"Pendidikan Agama Hindu SMA/MA - SMK/MAK 12","active"
2216,2211,"Pendidikan Agama Islam SMA/MA - SMK/MAK 12","active"
2217,2211,"Pendidikan Agama Katolik SMA/MA - SMK/MAK 12","active"
2218,2211,"Pendidikan Agama Khonghucu SMA/MA - SMK/MAK 12","active"
2219,2211,"Pendidikan Agama Kristen SMA/MA - SMK/MAK 12","active"
2220,2211,"Pendidikan Kepercayaan Terhadap Tuhan Yang Maha Esa dan Budi Pekerti SMA/MA - SMK/MAK 12","active"
2221,2211,"Pendidikan Pancasila dan Kewarganegaraan SMA/MA - SMK/MAK 12","active"
2222,2211,"Seni Budaya SMA/MA - SMK/MAK 12","active"
2223,2211,"Seni Rupa SMA/MA - SMK/MAK 12","active"
2224,2211,"Seni Tari SMA/MA - SMK/MAK 12","active"
2225,2211,"Seni Teater SMA/MA - SMK/MAK 12","active"
2226,1548,"Bahasa Indonesia SD/MI 03","active"
2227,1548,"Bahasa Inggris SD/MI 03","active"
2228,1548,"IPAS SD/MI 03","active"
2229,1548,"Matematika SD/MI 03","active"
2230,1548,"Pendidikan Jasmani Olahraga dan Kesehatan SD/MI 03","active"
2231,1548,"Pendidikan Kepercayaan Terhadap Tuhan Yang Maha Esa dan Budi Pekerti SD/MI 03","active"
2232,1548,"Pendidikan Pancasila dan Kewarganegaraan SD/MI 03","active"
2233,1548,"Seni Budaya SD/MI 03","active"
2234,1551,"Bahasa Indonesia SD/MI 06","active"
2235,1551,"Bahasa Inggris SD/MI 06","active"
2236,1551,"IPAS SD/MI 06","active"
2237,1551,"Pendidikan Kepercayaan Terhadap Tuhan Yang Maha Esa dan Budi Pekerti SD/MI 06","active"
2238,1551,"Pendidikan Pancasila dan Kewarganegaraan SD/MI 06","active"
2239,1551,"Seni Budaya SD/MI 06","active"
2240,1554,"Informatika SMP/MTs 09","active"
2241,1554,"Pendidikan Kepercayaan Terhadap Tuhan Yang Maha Esa dan Budi Pekerti SMP/MTs 09","active"
2242,1554,"Seni Budaya SMP/MTs 09","active"
2243,1554,"Seni Rupa SMP/MTs 09","active"
2244,1554,"Seni Tari SMP/MTs 09","active"
2245,1554,"Seni Teater SMP/MTs 09","active"
2246,1557,"IPS SMA/MA 12","active"
2247,1557,"IPA SMA/MA 12","active"
2248,1557,"Ekonomi SMA/MA 12","active"
2249,1557,"Fisika SMA/MA 12","active"
2250,1557,"Geografi SMA/MA 12","active"
2251,1557,"Informatika SMA/MA 12","active"
2252,1557,"Kimia SMA/MA 12","active"
2253,1557,"Sosiologi SMA/MA 12","active"
2254,205,"Jenjang SMA/MA - SMK/MAK","active"
2255,2254,"Kelas 12","active"
2256,2255,"Bahasa Indonesia SMA/MA - SMK/MAK 12","active"
2257,2255,"Matematika SMA/MA - SMK/MAK 12","active"
2258,2255,"Pendidikan Agama Buddha SMA/MA - SMK/MAK 12","active"
2259,2255,"Pendidikan Agama Hindu SMA/MA - SMK/MAK 12","active"
2260,2255,"Pendidikan Agama Islam SMA/MA - SMK/MAK 12","active"
2261,2255,"Pendidikan Agama Katolik SMA/MA - SMK/MAK 12","active"
2262,2255,"Pendidikan Agama Khonghucu SMA/MA - SMK/MAK 12","active"
2263,2255,"Pendidikan Agama Kristen SMA/MA - SMK/MAK 12","active"
2264,2255,"Pendidikan Kepercayaan Terhadap Tuhan Yang Maha Esa dan Budi Pekerti SMA/MA - SMK/MAK 12","active"
2265,2255,"Pendidikan Pancasila dan Kewarganegaraan SMA/MA - SMK/MAK 12","active"
2266,2255,"Seni Budaya SMA/MA - SMK/MAK 12","active"
2267,2255,"Seni Rupa SMA/MA - SMK/MAK 12","active"
2268,2255,"Seni Tari SMA/MA - SMK/MAK 12","active"
2269,2255,"Seni Teater SMA/MA - SMK/MAK 12","active"
2270,2032,"Kelas 12","active"
2271,2033,"Kelas 12","active"
2272,2038,"Bahasa Indonesia SMK/MAK 10","active"
2273,2038,"Matematika SMK/MAK 10","active"
2274,2038,"Pendidikan Agama Buddha SMK/MAK 10","active"
2275,2038,"Pendidikan Agama Hindu SMK/MAK 10","active"
2276,2038,"Pendidikan Agama Islam SMK/MAK 10","active"
2277,2038,"Pendidikan Agama Katolik SMK/MAK 10","active"
2278,2038,"Pendidikan Agama Khonghucu SMK/MAK 10","active"
2279,2038,"Pendidikan Agama Kristen SMK/MAK 10","active"
2280,2038,"Pendidikan Kepercayaan Terhadap Tuhan Yang Maha Esa dan Budi Pekerti SMK/MAK 10","active"
2281,2038,"Pendidikan Pancasila dan Kewarganegaraan SMK/MAK 10","active"
2282,2038,"Seni Budaya SMK/MAK 10","active"
2283,2039,"Bahasa Indonesia SMK/MAK 10","active"
2284,2039,"Matematika SMK/MAK 10","active"
2285,2039,"Pendidikan Agama Buddha SMK/MAK 10","active"
2286,2039,"Pendidikan Agama Hindu SMK/MAK 10","active"
2287,2039,"Pendidikan Agama Islam SMK/MAK 10","active"
2288,2039,"Pendidikan Agama Katolik SMK/MAK 10","active"
2289,2039,"Pendidikan Agama Khonghucu SMK/MAK 10","active"
2290,2039,"Pendidikan Agama Kristen SMK/MAK 10","active"
2291,2039,"Pendidikan Kepercayaan Terhadap Tuhan Yang Maha Esa dan Budi Pekerti SMK/MAK 10","active"
2292,2039,"Pendidikan Pancasila dan Kewarganegaraan SMK/MAK 10","active"
2293,2039,"Seni Budaya SMK/MAK 10","active"
2294,2270,"Bahasa Indonesia SMK/MAK 12","active"
2295,2270,"Matematika SMK/MAK 12","active"
2296,2270,"Pendidikan Agama Buddha SMK/MAK 12","active"
2297,2270,"Pendidikan Agama Hindu SMK/MAK 12","active"
2298,2270,"Pendidikan Agama Islam SMK/MAK 12","active"
2299,2270,"Pendidikan Agama Katolik SMK/MAK 12","active"
2300,2270,"Pendidikan Agama Khonghucu SMK/MAK 12","active"
2301,2270,"Pendidikan Agama Kristen SMK/MAK 12","active"
2302,2270,"Pendidikan Kepercayaan Terhadap Tuhan Yang Maha Esa dan Budi Pekerti SMK/MAK 12","active"
2303,2270,"Pendidikan Pancasila dan Kewarganegaraan SMK/MAK 12","active"
2304,2270,"Seni Budaya SMK/MAK 12","active"
2305,2271,"Bahasa Indonesia SMK/MAK 12","active"
2306,2271,"Matematika SMK/MAK 12","active"
2307,2271,"Pendidikan Agama Buddha SMK/MAK 12","active"
2308,2271,"Pendidikan Agama Hindu SMK/MAK 12","active"
2309,2271,"Pendidikan Agama Islam SMK/MAK 12","active"
2310,2271,"Pendidikan Agama Katolik SMK/MAK 12","active"
2311,2271,"Pendidikan Agama Khonghucu SMK/MAK 12","active"
2312,2271,"Pendidikan Agama Kristen SMK/MAK 12","active"
2313,2271,"Pendidikan Kepercayaan Terhadap Tuhan Yang Maha Esa dan Budi Pekerti SMK/MAK 12","active"
2314,2271,"Pendidikan Pancasila dan Kewarganegaraan SMK/MAK 12","active"
2315,2271,"Seni Budaya SMK/MAK 12","active"
2316,205,SDLB - SMPLB - SMA/KLB,active
2317,2316,Semua Kelas,active
2318,2317,Pendidikan Khusus SDLB - SMPLB - SMA/KLB Semua Kelas,active
2319,2030,Kelas 12,active
2320,2031,Kelas 12,active
2321,1534,Pendidikan Pancasila SD/MI 01,active
2322,1535,Pendidikan Pancasila SD/MI 02,active
2323,1536,Pendidikan Pancasila SD/MI 03,active
2324,1537,Pendidikan Pancasila SD/MI 04,active
2325,1538,Pendidikan Pancasila SD/MI 05,active
2326,1539,Pendidikan Pancasila SD/MI 06,active
2327,1546,Pendidikan Pancasila SD/MI 01,active
2328,1547,Pendidikan Pancasila SD/MI 02,active
2329,1548,Pendidikan Pancasila SD/MI 03,active
2330,1549,Pendidikan Pancasila SD/MI 04,active
2331,1550,Pendidikan Pancasila SD/MI 05,active
2332,1551,Pendidikan Pancasila SD/MI 06,active
2333,1540,Pendidikan Pancasila SMP/MTs 07,active
2334,1541,Pendidikan Pancasila SMP/MTs 08,active
2335,1542,Pendidikan Pancasila SMP/MTs 09,active
2336,2034,Pendidikan Pancasila SMA/SMK 10,active
2337,2036,Pendidikan Pancasila SMA/SMK 11,active
2338,2319,Pendidikan Pancasila SMA/SMK 12,active
2339,1552,Pendidikan Pancasila SMP/MTs 07,active
2340,1553,Pendidikan Pancasila SMP/MTs 08,active
2341,1554,Pendidikan Pancasila SMP/MTs 09,active
2342,2035,Pendidikan Pancasila SMA/SMK 10,active
2343,2037,Pendidikan Pancasila SMA/SMK 11,active
2344,2320,Pendidikan Pancasila SMA/SMK 12,active
2345,2038,Teknik Perawatan Gedung SMK/MAK 10,active
2346,2038,Konstruksi dan Perawatan Bangunan Sipil SMK/MAK 10,active
2347,2038,Desain Pemodelan SMK/MAK 10,active
2348,2038,Teknik Mesin SMK/MAK 10,active
2349,2038,Teknik Metalurgi SMK/MAK 10,active
2350,2038,Teknik Logistik SMK/MAK 10,active
2351,2038,IPA SMK/MAK 10,active
2352,2038,Teknik Kimia SMK/MAK 10,active
2353,2038,Teknik Tekstil SMK/MAK 10,active
2354,2038,Teknik Energi Terbarukan SMK/MAK 10,active
2355,2038,Teknik Geologi SMK/MAK 10,active
2356,2038,Teknik Perminyakan SMK/MAK 10,active
2357,2038,Informatika SMK/MAK 10 (deprecated),inactive
2358,2038,Informatika SMK/MAK 10 (deprecated),inactive
2359,2038,Teknik Laboratorium Medik SMK/MAK 10,active
2360,2038,Teknologi Farmasi SMK/MAK 10,active
2361,2038,Pekerjaan Sosial SMK/MAK 10,active
2362,2038,Agribisnis Tanaman SMK/MAK 10,active
2363,2038,Agribisnis Ternak SMK/MAK 10,active
2364,2038,Agribisnis Perikanan SMK/MAK 10,active
2365,2038,Agribisnis Tanaman SMK/MAK 10 (deprecated),inactive
2366,2038,Kehutanan SMK/MAK 10,active
2367,2038,Nautika Kapal SMK/MAK 10,active
2368,2038,Nautika Kapal SMK/MAK 10 (deprecated),inactive
2369,2038,Pemasaran SMK/MAK 10,active
2370,2038,Akuntansi SMK/MAK 10,active
2371,2038,Usaha Layanan Pariwisata SMK/MAK 10,active
2372,2038,Kecantikan SMK/MAK 10,active
2373,2038,Desain dan Produksi Kriya SMK/MAK 10,active
2374,2038,Seni Budaya SMK/MAK 10,active
2375,2038,Broadcasting dan Perfilman SMK/MAK 10,active
2376,2038,Animasi SMK/MAK 10,active
2377,2038,Busana SMK/MAK 10,active
2378,2038,IPAS SMK/MAK 10,active
2379,2039,Teknik Perawatan Gedung SMK/MAK 10,active
2380,2039,Konstruksi dan Perawatan Bangunan Sipil SMK/MAK 10,active
2381,2039,Desain Pemodelan SMK/MAK 10,active
2382,2039,Teknik Mesin SMK/MAK 10,active
2383,2039,Teknik Metalurgi SMK/MAK 10,active
2384,2039,Teknik Logistik SMK/MAK 10,active
2385,2039,IPA SMK/MAK 10,active
2386,2039,Teknik Kimia SMK/MAK 10,active
2387,2039,Teknik Tekstil SMK/MAK 10,active
2388,2039,Teknik Energi Terbarukan SMK/MAK 10,active
2389,2039,Teknik Geologi SMK/MAK 10,active
2390,2039,Teknik Perminyakan SMK/MAK 10,active
2391,2039,Informatika SMK/MAK 10 (deprecated),inactive
2392,2039,Informatika SMK/MAK 10 (deprecated),inactive
2393,2039,Teknik Laboratorium Medik SMK/MAK 10,active
2394,2039,Teknologi Farmasi SMK/MAK 10,active
2395,2039,Pekerjaan Sosial SMK/MAK 10,active
2396,2039,Agribisnis Tanaman SMK/MAK 10,active
2397,2039,Agribisnis Ternak SMK/MAK 10,active
2398,2039,Agribisnis Perikanan SMK/MAK 10,active
2399,2039,Agribisnis Tanaman SMK/MAK 10 (deprecated),inactive
2400,2039,Kehutanan SMK/MAK 10,active
2401,2039,Nautika Kapal SMK/MAK 10,active
2402,2039,Nautika Kapal SMK/MAK 10 (deprecated),inactive
2403,2039,Pemasaran SMK/MAK 10,active
2404,2039,Akuntansi SMK/MAK 10,active
2405,2039,Usaha Layanan Pariwisata SMK/MAK 10,active
2406,2039,Kecantikan SMK/MAK 10,active
2407,2039,Desain dan Produksi Kriya SMK/MAK 10,active
2408,2039,Seni Budaya SMK/MAK 10,active
2409,2039,Broadcasting dan Perfilman SMK/MAK 10,active
2410,2039,Animasi SMK/MAK 10,active
2411,2039,Busana SMK/MAK 10,active
2412,2039,IPAS SMK/MAK 10,active
2413,2210,Kelas 10,active
2414,2254,Kelas 10,active
2415,2210,Kelas 11,active
2416,2254,Kelas 11,active
2417,2413,Pendidikan Pancasila SMA/MA - SMK/MAK 10,active
2418,2415,Pendidikan Pancasila SMA/MA - SMK/MAK 11,active
2419,2211,Pendidikan Pancasila SMA/MA - SMK/MAK 12,active
2420,2414,Pendidikan Pancasila SMA/MA - SMK/MAK 10,active
2421,2416,Pendidikan Pancasila SMA/MA - SMK/MAK 11,active
2422,2255,Pendidikan Pancasila SMA/MA - SMK/MAK 12,active
2423,208,Jenjang SD/MI - SMP/MTs - SMA/MA - SMK/MAK,active
2424,208,Semua Jenjang,active
2425,207,Semua Jenjang,active
2426,207,Jenjang SMP/MTs - SMA/MA - SMK/MAK,active
2427,207,Jenjang SD/MI - SMP/MTs - SMA/MA - SMK/MAK,active
2428,208,Jenjang SMA/MA - SMK/MAK,active
2429,2032,Kelas 11,active
2430,2429,Agribisnis Tanaman SMK/MAK 11,active
2431,2429,Agribisnis Ternak SMK/MAK 11,active
2432,2429,Akuntansi SMK/MAK 11,active
2433,2429,Bisnis SMK/MAK 11,active
2434,2429,Busana SMK/MAK 11,active
2435,2429,Informatika SMK/MAK 11,active
2436,2429,IPA SMK/MAK 11,active
2437,2429,Layanan Kesehatan SMK/MAK 11,active
2438,2429,Manajemen Logistik SMK/MAK 11,active
2439,2429,Teknik Ketenagalistrikan SMK/MAK 11,active
2440,2429,Teknik Konstruksi dan Perumahan SMK/MAK 11,active
2441,2429,Teknik Mesin SMK/MAK 11,active
2442,2429,Teknik Otomotif SMK/MAK 11,active
2443,2429,Usaha Layanan Pariwisata SMK/MAK 11,active
2444,2270,Agribisnis Perikanan SMK/MAK 12,active
2445,2270,Agribisnis Tanaman SMK/MAK 12,active
2446,2270,Akuntansi SMK/MAK 12,active
2447,2270,Bisnis SMK/MAK 12,active
2448,2270,Busana SMK/MAK 12,active
2449,2270,Desain Komunikasi Visual SMK/MAK 12,active
2450,2270,Desain Pemodelan SMK/MAK 12,active
2451,2270,Kecantikan SMK/MAK 12,active
2452,2270,Manajemen Logistik SMK/MAK 12,active
2453,2270,Teknik Elektronika SMK/MAK 12,active
2454,2270,Teknik Ketenagalistrikan SMK/MAK 12,active
2455,2270,Teknik Konstruksi dan Perumahan SMK/MAK 12,active
2456,2270,Teknik Mesin SMK/MAK 12,active
2457,2270,Teknik Otomotif SMK/MAK 12,active
2458,2270,Usaha Layanan Pariwisata SMK/MAK 12,active
2459,2414,Pendidikan Pancasila SMA/MA - SMK/MAK 10,active
2460,2414,Bahasa Indonesia SMA/MA - SMK/MAK 10,active
2461,2414,Matematika SMA/MA - SMK/MAK 10,active
2462,2414,Seni Budaya SMA/MA - SMK/MAK 10,active
2463,2414,Informatika SMA/MA - SMK/MAK 10,active
2464,2413,Bahasa Indonesia SMA/MA - SMK/MAK 10,active
2465,2413,Matematika SMA/MA - SMK/MAK 10,active
2466,2413,Informatika SMA/MA - SMK/MAK 10,active
2467,1538,Koding dan Kecerdasan Artifisial,active
2468,1540,Koding dan Kecerdasan Artifisial,active
2469,1543,Koding dan Kecerdasan Artifisial,active
2470,1544,Koding dan Kecerdasan Artifisial,active
2471,1539,Koding dan Kecerdasan Artifisial,active
2472,1541,Koding dan Kecerdasan Artifisial,active
2473,1542,Koding dan Kecerdasan Artifisial,active
2474,1545,Koding dan Kecerdasan Artifisial,active
2475,2034,Koding dan Kecerdasan Artifisial,active
2476,2036,Koding dan Kecerdasan Artifisial,active
2477,2319,Koding dan Kecerdasan Artifisial,active
2478,2038,Koding dan Kecerdasan Artifisial,active
2479,2429,Koding dan Kecerdasan Artifisial,active
2480,2270,Koding dan Kecerdasan Artifisial,active